Date/Time,Hs,Hmax,Tz,Tp,Peak Direction,SST
01/01/2017 00:30,0.875,1.39,4.421,4.506,-99.9,-99.9
01/01/2017 01:00,0.763,1.15,4.52,5.513,49,25.65
01/01/2017 01:30,0.77,1.41,4.582,5.647,75,25.5
01/01/2017 02:00,0.747,1.16,4.515,5.083,91,25.45
01/01/2017 02:30,0.718,1.61,4.614,6.181,68,25.45
01/01/2017 03:00,0.707,1.34,4.568,4.705,73,25.5
01/01/2017 03:30,0.729,1.21,4.786,4.484,63,25.5
01/01/2017 04:00,0.733,1.2,4.897,5.042,68,25.5
01/01/2017 04:30,0.711,1.29,5.019,8.439,66,25.5
01/01/2017 05:00,0.698,1.11,4.867,4.584,64,25.55
01/01/2017 05:30,0.686,1.14,4.755,5.211,56,25.55
01/01/2017 06:00,0.721,1.12,4.843,5.813,67,25.5
01/01/2017 06:30,0.679,1.22,4.948,4.71,81,25.45
01/01/2017 07:00,0.66,1.08,5.068,5.353,90,25.45
01/01/2017 07:30,0.662,1.18,5.263,7.436,67,25.4
01/01/2017 08:00,0.653,1.21,5.007,6.001,90,25.45
01/01/2017 08:30,0.665,1.17,4.952,6.414,90,25.55
01/01/2017 09:00,0.684,1.55,5.022,6.691,88,25.6
01/01/2017 09:30,0.679,1.09,4.926,6.804,88,25.65
01/01/2017 10:00,0.667,1.12,4.928,6.641,122,25.75
01/01/2017 10:30,0.688,1.13,4.808,5.958,91,25.7
01/01/2017 11:00,0.644,0.99,4.559,6.691,92,25.9
01/01/2017 11:30,0.694,1.18,4.442,7.122,98,25.7
01/01/2017 12:00,0.707,1.59,4.314,7.019,97,26
01/01/2017 12:30,0.714,1.37,4.14,8.154,88,26.05
01/01/2017 13:00,0.739,1.19,4.149,5.668,98,26.05
01/01/2017 13:30,0.846,1.51,3.961,7.055,81,26.05
01/01/2017 14:00,0.815,1.23,3.963,3.833,73,26.05
01/01/2017 14:30,0.903,1.63,4.072,3.652,53,26.15
01/01/2017 15:00,0.908,1.48,3.933,3.886,50,26.3
01/01/2017 15:30,0.957,1.56,4.105,4.397,43,26.4
01/01/2017 16:00,0.996,1.605,4.121,5.468,45,26.4
01/01/2017 16:30,1.08,1.78,4.21,4.589,70,26.35
01/01/2017 17:00,1.078,1.86,4.285,5.18,40,26.4
01/01/2017 17:30,1.125,2.13,4.313,4.854,47,26.3
01/01/2017 18:00,1.165,1.69,4.435,5.266,56,26.2
01/01/2017 18:30,1.244,1.94,4.527,5.94,54,26.1
01/01/2017 19:00,1.234,1.86,4.454,6.329,66,25.95
01/01/2017 19:30,1.328,2.564,4.591,5.214,80,25.75
01/01/2017 20:00,1.266,2.2,4.404,4.809,-99.9,25.45
01/01/2017 20:30,1.171,2.5,4.388,5.368,46,25.4
01/01/2017 21:00,1.181,1.92,4.591,5.306,61,25.2
01/01/2017 21:30,1.238,2.25,4.579,5.337,75,25.2
01/01/2017 22:00,1.201,2.03,4.654,5.984,59,25.15
01/01/2017 22:30,1.163,2.06,4.56,5.642,70,25.1
01/01/2017 23:00,1.163,2.01,4.507,6.138,60,25.05
01/01/2017 23:30,1.153,1.91,4.588,5.971,68,25
01/02/2017 00:00,1.088,1.88,4.594,5.512,60,24.95
01/02/2017 00:30,1.073,1.97,4.409,5.433,64,24.95
01/02/2017 01:00,0.966,1.72,4.246,5.945,61,24.9
01/02/2017 01:30,0.998,1.58,4.368,5.26,63,24.9
01/02/2017 02:00,1.003,1.68,4.486,5.751,59,24.7
01/02/2017 02:30,0.963,1.9,4.262,5.998,53,24.75
01/02/2017 03:00,1.048,2.03,4.56,5.972,60,24.7
01/02/2017 03:30,0.936,1.6,4.574,6.356,60,24.7
01/02/2017 04:00,0.951,1.6,4.915,6.372,61,24.65
01/02/2017 04:30,0.965,1.43,4.595,5.961,56,24.55
01/02/2017 05:00,0.987,1.61,4.718,5.205,56,24.45
01/02/2017 05:30,0.896,1.36,4.649,6.105,60,24.4
01/02/2017 06:00,0.894,1.31,4.611,5.616,53,24.45
01/02/2017 06:30,0.965,1.58,4.906,6.142,57,24.45
01/02/2017 07:00,0.95,1.61,4.699,6.176,57,24.45
01/02/2017 07:30,0.916,1.67,4.646,5.782,60,24.55
01/02/2017 08:00,0.935,1.81,4.76,5.34,60,24.95
01/02/2017 08:30,0.885,1.71,4.838,5.591,54,25
01/02/2017 09:00,0.91,1.57,4.957,6.133,60,25.05
01/02/2017 09:30,0.907,1.56,5.074,6.295,49,24.95
01/02/2017 10:00,0.903,1.5,4.903,6.089,52,25
01/02/2017 10:30,0.942,1.48,4.926,5.487,60,25.1
01/02/2017 11:00,0.896,1.53,4.907,5.507,59,25.15
01/02/2017 11:30,0.918,1.51,4.98,5.698,64,25.25
01/02/2017 12:00,0.856,1.25,4.787,6.36,56,25.4
01/02/2017 12:30,0.861,1.66,4.571,5.768,71,25.35
01/02/2017 13:00,0.835,1.24,4.582,6.024,67,25.3
01/02/2017 13:30,0.889,1.37,4.476,6.199,64,25.4
01/02/2017 14:00,0.819,1.35,4.453,6.134,61,25.4
01/02/2017 14:30,0.822,1.6,4.303,5.329,52,25.3
01/02/2017 15:00,0.807,1.33,4.084,6.103,66,25.35
01/02/2017 15:30,0.872,1.45,4.343,6.099,64,25.2
01/02/2017 16:00,0.885,1.6,4.489,6.521,60,25.15
01/02/2017 16:30,0.848,1.46,4.207,5.988,64,25
01/02/2017 17:00,0.89,1.39,4.282,6.717,66,24.95
01/02/2017 17:30,0.931,1.7,4.39,6.32,60,24.8
01/02/2017 18:00,0.907,2,4.379,6.184,59,24.75
01/02/2017 18:30,0.917,1.34,4.461,5.845,52,24.65
01/02/2017 19:00,0.87,1.39,4.256,5.835,49,24.65
01/02/2017 19:30,0.902,1.5,4.432,5.963,52,24.6
01/02/2017 20:00,0.96,1.54,4.505,5.973,52,24.45
01/02/2017 20:30,0.953,1.84,4.673,5.492,59,24.45
01/02/2017 21:00,0.928,1.39,4.485,5.639,53,24.5
01/02/2017 21:30,0.911,1.77,4.51,5.632,56,24.5
01/02/2017 22:00,0.899,1.78,4.52,6.001,54,24.45
01/02/2017 22:30,0.898,1.31,4.656,5.225,60,24.45
01/02/2017 23:00,0.878,1.48,4.682,5.068,63,24.5
01/02/2017 23:30,0.85,1.67,4.653,5.957,71,24.5
01/03/2017 00:00,0.85,1.43,4.868,5.985,63,24.55
01/03/2017 00:30,0.906,1.49,4.939,6.16,64,24.5
01/03/2017 01:00,0.911,1.59,4.701,6.161,52,24.55
01/03/2017 01:30,0.865,1.77,4.285,6.27,54,24.5
01/03/2017 02:00,0.925,1.44,4.284,5.463,60,24.45
01/03/2017 02:30,0.889,1.35,4.267,6.356,56,24.5
01/03/2017 03:00,0.975,2.01,4.244,4.118,56,24.5
01/03/2017 03:30,1.088,2.05,4.276,4.72,60,24.5
01/03/2017 04:00,1.1,2.08,4.356,4.774,137,24.45
01/03/2017 04:30,1.034,1.73,4.28,4.525,160,24.45
01/03/2017 05:00,1.01,1.48,4.179,4.499,163,24.4
01/03/2017 05:30,1.026,1.87,4.267,4.295,164,24.8
01/03/2017 06:00,1.005,1.55,4.148,5.697,153,24.95
01/03/2017 06:30,1.123,1.9,4.349,6.127,61,24.95
01/03/2017 07:00,1.171,1.76,4.313,4.601,77,24.75
01/03/2017 07:30,1.138,1.87,4.199,4.541,156,24.8
01/03/2017 08:00,1.145,1.99,4.223,4.472,140,24.95
01/03/2017 08:30,1.105,2.01,4.317,4.589,153,25
01/03/2017 09:00,1.068,1.92,4.28,4.522,130,25
01/03/2017 09:30,1.142,2.1,4.468,4.593,151,25
01/03/2017 10:00,1.083,1.73,4.291,4.485,105,25
01/03/2017 10:30,1.105,1.8,4.451,4.864,77,25
01/03/2017 11:00,1.056,1.93,4.541,4.944,104,25
01/03/2017 11:30,1.145,2.057,4.434,5.842,88,25.55
01/03/2017 12:00,1.167,2.3,4.537,5.6,130,25.75
01/03/2017 12:30,1.189,1.88,4.384,6.184,91,25.75
01/03/2017 13:00,1.228,1.81,4.432,4.951,118,25.75
01/03/2017 13:30,1.309,2.06,4.423,5.643,115,25.75
01/03/2017 14:00,1.258,2.2,4.46,5.078,91,25.7
01/03/2017 14:30,1.287,2.12,4.496,5.171,98,25.7
01/03/2017 15:00,1.459,2.57,4.657,5.944,92,25.65
01/03/2017 15:30,1.427,2.64,4.557,4.721,88,25.5
01/03/2017 16:00,1.531,2.75,4.716,6.11,149,25.45
01/03/2017 16:30,1.735,2.73,4.665,5.471,80,25.4
01/03/2017 17:00,1.843,3.3,4.881,5.381,111,25.3
01/03/2017 17:30,1.908,3.22,4.922,5.519,132,25.25
01/03/2017 18:00,1.902,3.44,4.93,5.484,128,25.15
01/03/2017 18:30,2.017,3.05,4.926,5.791,115,25.05
01/03/2017 19:00,2.094,3.634,4.944,5.978,136,25.1
01/03/2017 19:30,1.957,3.183,4.837,5.789,125,25.15
01/03/2017 20:00,2.022,3.324,5.057,5.817,130,25.3
01/03/2017 20:30,2.075,3.74,4.931,5.704,130,25.4
01/03/2017 21:00,2.157,3.745,5.053,6.124,129,25.5
01/03/2017 21:30,2.145,3.38,5.263,6.295,115,25.5
01/03/2017 22:00,2.15,3.865,5.141,6.581,130,25.45
01/03/2017 22:30,2.153,3.411,5.394,5.805,105,25.45
01/03/2017 23:00,2.173,3.481,5.329,6.213,113,25.4
01/03/2017 23:30,1.944,3.17,5.175,6.189,123,25.4
01/04/2017 00:00,1.98,3.019,5.217,5.486,99,25.4
01/04/2017 00:30,1.981,3.18,5.223,6.792,108,25.4
01/04/2017 01:00,1.901,3.531,5.069,6.005,101,25.4
01/04/2017 01:30,1.97,3.482,5.313,6.904,106,25.4
01/04/2017 02:00,2.165,3.33,5.409,6.986,98,25.4
01/04/2017 02:30,1.981,4.108,5.148,5.8,112,25.4
01/04/2017 03:00,1.943,3.486,5.251,6.163,104,25.35
01/04/2017 03:30,1.727,2.98,5.029,6.574,111,25.25
01/04/2017 04:00,1.648,2.97,4.975,5.924,102,25.25
01/04/2017 04:30,1.857,2.922,5.048,5.591,87,25.3
01/04/2017 05:00,1.77,2.91,5.01,6.621,105,25.4
01/04/2017 05:30,1.646,3.47,5.086,6.408,97,25.4
01/04/2017 06:00,1.613,2.602,4.94,5.488,115,25.4
01/04/2017 06:30,1.403,2.6,4.697,6.551,109,25.4
01/04/2017 07:00,1.46,2.46,4.808,5.64,91,25.4
01/04/2017 07:30,1.492,2.24,4.71,6.748,77,25.4
01/04/2017 08:00,1.818,2.749,4.81,6.298,80,25.4
01/04/2017 08:30,1.703,2.819,5.068,7.022,129,25.45
01/04/2017 09:00,1.845,3.41,5.046,6.297,105,25.45
01/04/2017 09:30,1.723,3.08,5.166,6.178,113,25.4
01/04/2017 10:00,1.674,2.718,4.849,6.641,118,25.4
01/04/2017 10:30,1.753,3.22,5.115,5.467,73,25.3
01/04/2017 11:00,1.651,2.88,4.952,5.907,90,25.3
01/04/2017 11:30,1.866,3.05,5.099,6.848,80,25.3
01/04/2017 12:00,1.802,2.72,4.989,6.776,87,25.3
01/04/2017 12:30,1.798,3.22,4.786,6.769,95,25.3
01/04/2017 13:00,1.802,3.44,5.081,5.989,125,25.3
01/04/2017 13:30,1.732,2.56,4.935,5.622,122,25.3
01/04/2017 14:00,1.841,2.987,5.075,6.383,129,25.3
01/04/2017 14:30,1.728,3.37,5.087,6.372,106,25.3
01/04/2017 15:00,1.719,2.91,4.925,5.479,140,25.4
01/04/2017 15:30,1.763,3.341,5.127,6.786,118,25.4
01/04/2017 16:00,1.826,2.71,5.015,5.969,104,25.4
01/04/2017 16:30,1.714,2.69,5.006,5.494,130,25.35
01/04/2017 17:00,1.745,3.77,5.017,7.575,120,25.35
01/04/2017 17:30,1.73,2.69,4.894,6.131,75,25.3
01/04/2017 18:00,1.831,3.15,5.008,6.733,95,25.2
01/04/2017 18:30,1.825,3.24,5.211,7.006,87,25.05
01/04/2017 19:00,1.782,2.784,5.174,6.404,83,25
01/04/2017 19:30,1.756,2.918,4.874,5.76,105,25
01/04/2017 20:00,1.952,3.472,5.017,6.341,112,25.1
01/04/2017 20:30,1.722,2.89,5.141,7.276,113,25.15
01/04/2017 21:00,1.738,2.89,5.083,6.572,111,25.15
01/04/2017 21:30,1.718,3.1,5.159,6.15,101,25.15
01/04/2017 22:00,1.679,2.969,5.136,6.12,71,25.2
01/04/2017 22:30,1.737,3,5.208,6.984,105,25.15
01/04/2017 23:00,1.69,2.941,5.04,7.015,91,25.15
01/04/2017 23:30,1.713,3.21,4.974,7.246,84,25.15
01/05/2017 00:00,1.708,3.44,5.19,6.828,84,25.1
01/05/2017 00:30,1.77,3.282,5.078,7.357,81,25.1
01/05/2017 01:00,1.658,2.84,5.307,5.481,101,25.1
01/05/2017 01:30,1.525,2.56,4.974,7.065,108,25.15
01/05/2017 02:00,1.595,2.83,4.94,6.784,98,25.1
01/05/2017 02:30,1.516,2.58,5.102,6.547,87,25.15
01/05/2017 03:00,1.476,2.05,4.94,6.557,90,25.15
01/05/2017 03:30,1.498,2.65,4.814,6.363,85,25.25
01/05/2017 04:00,1.511,2.47,4.894,7.278,108,25.3
01/05/2017 04:30,1.572,2.92,4.771,6.326,85,25.3
01/05/2017 05:00,1.558,2.713,5.106,6.957,97,25.35
01/05/2017 05:30,1.47,2.47,4.905,6.994,87,25.4
01/05/2017 06:00,1.503,2.407,4.824,6.176,80,25.4
01/05/2017 06:30,1.599,2.75,4.984,6.802,87,25.4
01/05/2017 07:00,1.42,2.28,4.889,6.124,87,25.45
01/05/2017 07:30,1.436,2.5,4.779,5.669,91,25.45
01/05/2017 08:00,1.41,2.46,5.128,7.021,90,25.45
01/05/2017 08:30,1.324,2.258,4.999,6.542,80,25.5
01/05/2017 09:00,1.255,2.25,4.895,7.055,87,25.55
01/05/2017 09:30,1.231,2.03,5.071,6.767,94,25.55
01/05/2017 10:00,1.243,2.15,4.992,7.052,98,25.6
01/05/2017 10:30,1.264,2.05,5.035,7.028,78,25.6
01/05/2017 11:00,1.146,1.95,5.007,6.846,77,25.65
01/05/2017 11:30,1.178,2.09,4.887,6.392,80,25.7
01/05/2017 12:00,1.142,2.21,4.818,6.774,84,25.75
01/05/2017 12:30,1.128,2,5.032,7.005,88,25.8
01/05/2017 13:00,1.206,2.19,4.881,6.839,92,25.85
01/05/2017 13:30,1.154,1.88,4.947,7.356,78,25.9
01/05/2017 14:00,1.225,2.37,4.952,7.071,67,25.95
01/05/2017 14:30,1.207,2.18,4.84,6.419,68,25.95
01/05/2017 15:00,1.225,1.9,5.019,7.354,85,25.95
01/05/2017 15:30,1.192,2.03,5.135,6.593,95,26
01/05/2017 16:00,1.177,1.98,4.899,7.054,81,25.95
01/05/2017 16:30,1.088,2.06,4.741,7.824,83,25.95
01/05/2017 17:00,1.163,1.98,4.822,7.242,54,25.95
01/05/2017 17:30,1.17,1.83,4.989,6.181,67,25.95
01/05/2017 18:00,1.108,1.83,5.243,7.249,80,25.95
01/05/2017 18:30,1.163,1.78,5.115,6.361,67,25.9
01/05/2017 19:00,1.144,2.03,4.987,7.068,73,25.9
01/05/2017 19:30,1.172,2.27,4.924,7.023,77,25.95
01/05/2017 20:00,1.259,2.44,5.138,7.094,59,25.95
01/05/2017 20:30,1.193,1.9,4.849,6.366,52,25.95
01/05/2017 21:00,1.265,2.25,5.012,7.042,46,25.95
01/05/2017 21:30,1.295,2.66,5.036,7.221,56,25.9
01/05/2017 22:00,1.24,1.97,4.947,7.251,47,25.9
01/05/2017 22:30,1.264,2.19,5.026,6.872,45,25.9
01/05/2017 23:00,1.313,2.29,5.111,7.042,61,25.9
01/05/2017 23:30,1.355,2.1,5.071,6.732,61,25.9
01/06/2017 00:00,1.456,2.46,5.362,7.031,57,25.9
01/06/2017 00:30,1.331,2.12,4.96,6.955,49,25.9
01/06/2017 01:00,1.3,2.04,4.938,7.125,49,25.9
01/06/2017 01:30,1.351,2.28,5.276,6.769,54,25.9
01/06/2017 02:00,1.328,2.33,5.184,6.777,75,25.9
01/06/2017 02:30,1.336,2.48,5.203,7.234,56,25.9
01/06/2017 03:00,1.396,2.17,4.983,6.782,74,25.9
01/06/2017 03:30,1.311,1.97,4.931,7.362,68,25.9
01/06/2017 04:00,1.348,2.86,4.887,6.857,60,25.9
01/06/2017 04:30,1.341,2.16,4.801,6.159,78,25.85
01/06/2017 05:00,1.342,2.15,4.915,6.526,81,25.85
01/06/2017 05:30,1.326,2.33,4.959,7.436,56,25.85
01/06/2017 06:00,1.318,1.94,4.986,6.971,74,25.85
01/06/2017 06:30,1.358,2.12,4.863,6.775,57,25.9
01/06/2017 07:00,1.293,2.25,4.802,6.765,80,25.85
01/06/2017 07:30,1.352,2.39,4.966,6.166,75,25.85
01/06/2017 08:00,1.303,2.47,5.038,6.942,70,25.85
01/06/2017 08:30,1.278,2.23,4.758,6.927,59,25.85
01/06/2017 09:00,1.295,2.28,4.966,6.591,68,25.85
01/06/2017 09:30,1.284,2.13,5.046,6.826,115,25.85
01/06/2017 10:00,1.313,2.4,5.209,6.77,59,25.9
01/06/2017 10:30,1.355,2.49,5.113,6.615,83,25.9
01/06/2017 11:00,1.347,2.19,5.102,6.982,74,25.9
01/06/2017 11:30,1.378,2.39,5.379,6.577,83,25.9
01/06/2017 12:00,1.305,2.33,5.195,6.741,77,25.95
01/06/2017 12:30,1.293,1.97,5.166,6.343,75,25.95
01/06/2017 13:00,1.354,2.16,5.175,6.786,78,25.95
01/06/2017 13:30,1.251,2.23,5.106,6.334,74,26
01/06/2017 14:00,1.271,2.1,5.263,6.591,75,26
01/06/2017 14:30,1.263,2.37,5.261,7.696,74,26
01/06/2017 15:00,1.253,2.28,5.292,6.56,81,26.05
01/06/2017 15:30,1.21,2.14,5.228,7.009,81,26.05
01/06/2017 16:00,1.24,2.14,5.226,6.357,87,26.05
01/06/2017 16:30,1.238,2.35,5.437,7.468,95,26.05
01/06/2017 17:00,1.188,2.03,5.129,7.298,95,26.05
01/06/2017 17:30,1.143,1.84,5.013,7.213,75,26
01/06/2017 18:00,1.273,2.11,5.117,7.476,80,26
01/06/2017 18:30,1.207,1.89,4.974,7.204,95,25.95
01/06/2017 19:00,1.316,2.11,4.975,6.783,81,25.95
01/06/2017 19:30,1.237,1.907,4.811,7.673,80,25.95
01/06/2017 20:00,1.398,2.43,5.176,6.799,80,25.95
01/06/2017 20:30,1.434,3.05,4.994,7.08,91,25.95
01/06/2017 21:00,1.467,2.81,5.011,6.563,91,25.9
01/06/2017 21:30,1.477,2.8,4.989,5.176,78,25.9
01/06/2017 22:00,1.468,2.711,4.972,7.853,81,25.9
01/06/2017 22:30,1.571,2.89,5.138,7.037,109,25.9
01/06/2017 23:00,1.563,2.75,5.011,7.562,80,25.9
01/06/2017 23:30,1.51,2.496,4.687,7.004,77,25.9
01/07/2017 00:00,1.637,2.66,5.168,7.008,78,25.9
01/07/2017 00:30,1.636,2.59,5.16,6.598,84,25.9
01/07/2017 01:00,1.677,2.97,5.243,6.512,90,25.9
01/07/2017 01:30,1.682,2.53,5.289,7.448,88,25.85
01/07/2017 02:00,1.588,2.46,5.187,7.561,88,25.85
01/07/2017 02:30,1.665,2.77,5.064,6.319,88,25.85
01/07/2017 03:00,1.69,2.84,5.163,7.487,88,25.85
01/07/2017 03:30,1.72,3.34,5.489,7.296,88,25.85
01/07/2017 04:00,1.692,2.84,4.967,7.475,95,25.85
01/07/2017 04:30,1.813,3.2,5.221,7.574,94,25.85
01/07/2017 05:00,1.817,3.47,5.239,7.501,94,25.85
01/07/2017 05:30,1.889,2.89,5.296,7.047,94,25.85
01/07/2017 06:00,2.097,3.568,5.441,8.152,87,25.8
01/07/2017 06:30,2.035,3.49,5.325,7.527,99,25.85
01/07/2017 07:00,1.955,3.01,5.379,6.71,90,25.85
01/07/2017 07:30,1.966,3.31,5.461,7.732,95,25.85
01/07/2017 08:00,2.004,3.52,5.428,7.307,92,25.85
01/07/2017 08:30,1.999,3.29,5.639,6.593,101,25.85
01/07/2017 09:00,1.96,3.75,5.416,6.546,94,25.85
01/07/2017 09:30,2.114,3.15,5.811,7.823,88,25.85
01/07/2017 10:00,2.175,3.56,5.461,8.155,92,25.85
01/07/2017 10:30,1.916,4.047,5.417,8.45,105,25.9
01/07/2017 11:00,2.14,3.421,5.665,8.237,92,25.9
01/07/2017 11:30,2.022,3.6,5.579,7.57,87,25.9
01/07/2017 12:00,1.97,3.104,5.503,8.427,91,25.95
01/07/2017 12:30,2.126,3.48,5.902,7.95,95,25.95
01/07/2017 13:00,2.054,3.09,5.628,7.618,94,26
01/07/2017 13:30,1.971,3.54,5.335,8.049,95,26.05
01/07/2017 14:00,2.111,4.296,5.88,7.14,94,26.05
01/07/2017 14:30,1.959,3.79,5.492,8.222,95,26.05
01/07/2017 15:00,2.143,3.91,5.632,7.918,95,26.05
01/07/2017 15:30,2.141,3.472,5.686,7.866,102,26.05
01/07/2017 16:00,2.148,3.47,5.924,8.554,98,26.05
01/07/2017 16:30,2.047,3.458,5.328,8.342,95,26.05
01/07/2017 17:00,1.993,3.26,5.562,7.499,94,26.05
01/07/2017 17:30,2.166,3.47,5.495,8.347,92,26.05
01/07/2017 18:00,2.065,3.35,5.349,8.517,92,26.05
01/07/2017 18:30,2.136,3.38,5.67,8.511,98,26.05
01/07/2017 19:00,2.15,3.98,5.677,8.802,97,26
01/07/2017 19:30,2.334,3.599,5.977,8.709,91,26.05
01/07/2017 20:00,2.148,3.5,5.751,8.586,99,26.05
01/07/2017 20:30,2.014,3.16,5.796,9.253,98,26.05
01/07/2017 21:00,2.216,4.04,5.827,7.934,94,26.05
01/07/2017 21:30,2.137,3.298,5.928,8.387,98,26.05
01/07/2017 22:00,2.055,3.39,5.49,8.677,98,26.05
01/07/2017 22:30,2.058,3.13,5.645,8.516,104,26
01/07/2017 23:00,2.03,3.69,5.59,8.152,102,26
01/07/2017 23:30,2.121,3.474,5.765,8.806,106,26
01/08/2017 00:00,2.035,3.22,5.6,8.885,101,25.95
01/08/2017 00:30,1.949,3.23,5.554,8.226,102,25.95
01/08/2017 01:00,2.168,3.51,5.58,8.306,104,25.95
01/08/2017 01:30,2.148,4.03,5.867,8.62,104,25.95
01/08/2017 02:00,1.953,4.02,5.558,8.191,105,25.9
01/08/2017 02:30,2.022,2.89,5.914,7.41,101,25.9
01/08/2017 03:00,2.15,4.03,5.921,8.626,101,25.9
01/08/2017 03:30,2.142,3.684,5.822,8.937,102,25.85
01/08/2017 04:00,2.078,3.3,5.758,9.257,102,25.85
01/08/2017 04:30,2.077,3.66,6.387,7.999,101,25.85
01/08/2017 05:00,2.096,3.3,6.135,9.171,98,25.85
01/08/2017 05:30,2.243,3.637,6.281,9.197,101,25.8
01/08/2017 06:00,2.032,3.68,5.94,9.281,98,25.85
01/08/2017 06:30,1.985,3.44,5.941,8.52,98,25.85
01/08/2017 07:00,1.969,2.92,6.244,9.324,94,25.85
01/08/2017 07:30,1.974,3.05,6.076,8.491,97,25.85
01/08/2017 08:00,2.043,3.74,6.133,8.969,92,25.9
01/08/2017 08:30,2.02,3.17,6.321,8.226,95,25.9
01/08/2017 09:00,1.936,3.5,5.937,9.316,99,25.9
01/08/2017 09:30,2.023,3.24,6.36,8.459,95,25.95
01/08/2017 10:00,1.897,2.86,5.872,7.851,99,26
01/08/2017 10:30,1.989,2.9,6.157,8.912,104,26
01/08/2017 11:00,1.897,3.49,5.931,9.273,101,26.05
01/08/2017 11:30,2.008,3.54,6.109,8.527,101,26.05
01/08/2017 12:00,1.972,3.18,6.002,8.659,92,26.05
01/08/2017 12:30,1.923,3.11,6.21,8.616,92,26.1
01/08/2017 13:00,1.888,3.39,5.805,8.921,99,26.1
01/08/2017 13:30,1.873,3.88,5.862,8.206,101,26.2
01/08/2017 14:00,1.9,3.28,5.791,8.687,98,26.2
01/08/2017 14:30,1.739,2.85,5.836,8.566,95,26.2
01/08/2017 15:00,1.842,2.96,6.029,8.509,101,26.2
01/08/2017 15:30,1.667,2.87,5.875,9.186,99,26.2
01/08/2017 16:00,1.782,2.98,6.189,8.916,98,26.2
01/08/2017 16:30,1.672,2.57,5.963,8.576,102,26.2
01/08/2017 17:00,1.685,2.66,5.923,9.104,101,26.2
01/08/2017 17:30,1.719,3.11,6.02,8.541,98,26.15
01/08/2017 18:00,1.583,2.66,5.781,8.21,98,26.15
01/08/2017 18:30,1.752,3.6,6.178,8.178,99,26.15
01/08/2017 19:00,1.734,3.04,5.781,8.601,95,26.1
01/08/2017 19:30,1.714,2.58,6.275,8.912,98,26.1
01/08/2017 20:00,1.703,2.96,6.272,8.947,98,26.1
01/08/2017 20:30,1.543,2.77,6.075,8.884,99,26.05
01/08/2017 21:00,1.619,2.57,5.877,8.829,94,26.05
01/08/2017 21:30,1.7,2.94,6.092,8.822,99,26.05
01/08/2017 22:00,1.508,2.62,5.899,8.675,104,26.05
01/08/2017 22:30,1.71,3.05,5.992,8.904,99,26.05
01/08/2017 23:00,1.72,2.5,6.126,7.912,97,26.05
01/08/2017 23:30,1.631,3.08,6.002,9.238,95,26.05
01/09/2017 00:00,1.63,2.73,5.955,9.144,99,26
01/09/2017 00:30,1.627,2.42,6.376,7.877,98,26
01/09/2017 01:00,1.662,3.07,6.266,8.886,97,26
01/09/2017 01:30,1.556,2.38,6.323,9.203,98,26
01/09/2017 02:00,1.481,3.01,6.018,8.497,95,26
01/09/2017 02:30,1.498,2.66,5.786,8.52,97,26
01/09/2017 03:00,1.494,2.35,5.988,9.095,90,26
01/09/2017 03:30,1.538,3.03,5.89,8.77,99,25.95
01/09/2017 04:00,1.482,2.6,5.937,9.192,91,25.95
01/09/2017 04:30,1.404,2.3,5.842,8.178,95,25.95
01/09/2017 05:00,1.573,2.64,6.338,8.378,98,25.95
01/09/2017 05:30,1.508,2.56,6.169,8.746,95,25.95
01/09/2017 06:00,1.49,2.42,5.944,8.858,98,25.95
01/09/2017 06:30,1.486,2.44,6.115,8.944,99,25.95
01/09/2017 07:00,1.557,2.81,6.22,8.165,95,25.95
01/09/2017 07:30,1.586,2.29,6.472,8.523,95,25.95
01/09/2017 08:00,1.412,2.41,5.961,8.902,94,25.95
01/09/2017 08:30,1.587,2.75,6.664,8.547,92,25.95
01/09/2017 09:00,1.611,2.49,6.546,8.855,94,26
01/09/2017 09:30,1.479,2.25,6.359,9.108,99,26.05
01/09/2017 10:00,1.512,2.39,6.398,8.586,95,26.15
01/09/2017 10:30,1.48,2.55,6.321,8.883,88,26.2
01/09/2017 11:00,1.539,2.21,6.338,8.538,99,26.3
01/09/2017 11:30,1.545,2.28,6.465,8.838,88,26.4
01/09/2017 12:00,1.415,2.08,6.603,8.89,98,26.55
01/09/2017 12:30,1.576,2.6,6.282,8.812,91,26.55
01/09/2017 13:00,1.488,2.24,6.273,9.175,92,26.55
01/09/2017 13:30,1.489,2.23,6.425,8.863,95,26.65
01/09/2017 14:00,1.554,2.42,6.734,8.594,94,26.65
01/09/2017 14:30,1.576,2.92,5.995,8.199,92,26.7
01/09/2017 15:00,1.716,3.09,6.17,7.923,98,26.55
01/09/2017 15:30,1.576,2.37,6.005,8.884,95,26.5
01/09/2017 16:00,1.495,2.8,6.15,8.294,84,26.45
01/09/2017 16:30,1.545,2.54,5.974,7.865,87,26.35
01/09/2017 17:00,1.622,3.26,5.962,8.479,92,26.35
01/09/2017 17:30,1.551,2.65,6.038,8.816,101,26.35
01/09/2017 18:00,1.533,2.75,6.101,8.844,92,26.25
01/09/2017 18:30,1.659,2.7,6.126,8.483,94,26.15
01/09/2017 19:00,1.659,2.86,6.511,8.45,95,26.25
01/09/2017 19:30,1.659,2.79,6.414,8.744,94,26.2
01/09/2017 20:00,1.542,2.76,6.011,8.547,97,26.15
01/09/2017 20:30,1.415,2.28,5.801,9.249,94,26.1
01/09/2017 21:00,1.428,2.18,5.612,8.9,94,26.1
01/09/2017 21:30,1.526,2.44,6.195,8.191,97,26.05
01/09/2017 22:00,1.479,2.6,5.971,8.601,94,26.05
01/09/2017 22:30,1.448,2.96,5.654,8.322,106,26.05
01/09/2017 23:00,1.364,2.36,5.733,8.855,99,26.05
01/09/2017 23:30,1.411,2.23,5.701,8.526,98,26.05
01/10/2017 00:00,1.357,2.31,5.47,7.834,99,26.05
01/10/2017 00:30,1.399,2.69,5.441,8.205,104,26.05
01/10/2017 01:00,1.54,2.3,6.03,8.48,101,26.05
01/10/2017 01:30,1.498,2.65,6,8.527,92,26
01/10/2017 02:00,1.431,2.37,5.942,8.51,99,26
01/10/2017 02:30,1.365,2.24,5.637,8.686,92,26
01/10/2017 03:00,1.387,2.3,5.64,8.404,91,26
01/10/2017 03:30,1.376,2.28,5.839,8.32,97,25.95
01/10/2017 04:00,1.451,3.07,5.871,8.535,97,26
01/10/2017 04:30,1.353,2.45,5.6,7.946,99,25.95
01/10/2017 05:00,1.345,2.52,5.755,8.115,99,25.95
01/10/2017 05:30,1.321,2.39,5.784,8.494,97,25.95
01/10/2017 06:00,1.358,2.75,5.671,8.103,104,25.95
01/10/2017 06:30,1.271,2.41,5.791,8.386,106,25.95
01/10/2017 07:00,1.357,2.62,6.063,8.856,99,25.95
01/10/2017 07:30,1.256,2.11,6.035,7.96,101,26
01/10/2017 08:00,1.339,2.19,6.318,8.48,111,26
01/10/2017 08:30,1.256,2.08,6.001,8.616,104,26
01/10/2017 09:00,1.337,2.99,6.061,8.17,108,26.05
01/10/2017 09:30,1.266,2.37,6.282,8.146,105,26.1
01/10/2017 10:00,1.287,2,5.925,8.203,106,26.2
01/10/2017 10:30,1.26,2.11,6.127,7.864,99,26.25
01/10/2017 11:00,1.297,2.51,6.119,8.271,111,26.25
01/10/2017 11:30,1.224,2.18,5.91,8.457,104,26.35
01/10/2017 12:00,1.251,2.19,5.947,7.596,108,26.35
01/10/2017 12:30,1.267,2.28,5.649,8.151,106,26.4
01/10/2017 13:00,1.261,2.25,5.397,7.853,97,26.5
01/10/2017 13:30,1.252,2.25,5.569,8.546,101,26.5
01/10/2017 14:00,1.279,2.46,5.351,7.567,99,26.55
01/10/2017 14:30,1.37,2.33,5.74,8.112,92,26.6
01/10/2017 15:00,1.281,2.5,5.452,7.297,98,26.6
01/10/2017 15:30,1.285,2.08,5.379,7.942,104,26.6
01/10/2017 16:00,1.316,2.34,5.433,7.695,104,26.6
01/10/2017 16:30,1.238,2.08,5.24,8.416,97,26.55
01/10/2017 17:00,1.314,2.01,5.38,8.44,90,26.55
01/10/2017 17:30,1.223,1.93,5.219,7.522,94,26.45
01/10/2017 18:00,1.24,1.85,5.342,8.331,97,26.4
01/10/2017 18:30,1.191,2.54,5.195,8.094,95,26.35
01/10/2017 19:00,1.199,1.95,5.422,8.1,101,26.3
01/10/2017 19:30,1.209,2.09,5.287,7.919,91,26.3
01/10/2017 20:00,1.15,1.99,5.148,7.887,92,26.25
01/10/2017 20:30,1.146,1.87,5.372,8.188,98,26.25
01/10/2017 21:00,1.119,1.78,5.239,8.248,102,26.25
01/10/2017 21:30,1.135,1.86,5.485,9.006,101,26.25
01/10/2017 22:00,1.182,2.01,5.223,8.203,99,26.25
01/10/2017 22:30,1.218,1.76,5.567,7.908,94,26.3
01/10/2017 23:00,1.264,2.09,5.73,8.533,95,26.25
01/10/2017 23:30,1.175,1.95,5.799,8.449,99,26.25
01/11/2017 00:00,1.068,1.7,5.153,7.506,101,26.25
01/11/2017 00:30,1.129,2.34,5.669,8.257,94,26.25
01/11/2017 01:00,1.139,1.86,5.561,8.209,102,26.2
01/11/2017 01:30,1.059,1.79,5.341,7.666,99,26.2
01/11/2017 02:00,1.153,1.68,5.652,7.826,101,26.2
01/11/2017 02:30,1.135,2.16,5.604,7.329,94,26.25
01/11/2017 03:00,1.126,1.91,5.705,7.244,94,26.2
01/11/2017 03:30,1.139,1.71,6.025,8.443,87,26.2
01/11/2017 04:00,1.147,1.95,5.789,8.12,94,26.2
01/11/2017 04:30,1.123,1.83,6.019,7.565,99,26.2
01/11/2017 05:00,1.029,1.82,5.889,8.965,102,26.2
01/11/2017 05:30,1.103,1.79,5.999,8.551,99,26.2
01/11/2017 06:00,1.053,1.81,6.014,8.914,97,26.15
01/11/2017 06:30,0.993,1.65,6.003,8.196,94,26.15
01/11/2017 07:00,1.028,1.99,6.035,7.59,97,26.2
01/11/2017 07:30,1.053,1.66,6.248,8.018,92,26.25
01/11/2017 08:00,1.123,1.64,6.74,8.152,99,26.35
01/11/2017 08:30,0.906,1.59,6.103,8.279,102,26.4
01/11/2017 09:00,1.003,1.85,6.176,8.835,91,26.45
01/11/2017 09:30,1.015,1.66,6.342,8.192,92,26.55
01/11/2017 10:00,1.056,1.67,6.129,7.82,97,26.55
01/11/2017 10:30,0.97,1.52,5.899,8.774,98,26.6
01/11/2017 11:00,0.972,1.74,5.582,8.11,94,26.65
01/11/2017 11:30,1.017,1.69,5.806,8.516,106,26.7
01/11/2017 12:00,1.013,2.28,5.516,7.558,95,26.75
01/11/2017 12:30,1.066,1.57,5.813,8.13,90,26.8
01/11/2017 13:00,1.024,1.68,5.906,8.433,102,26.85
01/11/2017 13:30,0.973,1.7,5.478,8.172,91,26.85
01/11/2017 14:00,1.028,2.09,5.146,8.886,99,26.9
01/11/2017 14:30,1.063,2.36,5.122,8.693,101,26.8
01/11/2017 15:00,1.095,1.8,5.092,8.22,101,26.75
01/11/2017 15:30,1.08,2.01,4.983,8.168,97,26.75
01/11/2017 16:00,1.011,1.63,4.81,8.527,88,26.7
01/11/2017 16:30,1.069,1.94,5.111,7.806,91,26.65
01/11/2017 17:00,1.012,1.71,4.681,8.185,92,26.6
01/11/2017 17:30,0.995,1.75,4.521,8.856,97,26.55
01/11/2017 18:00,1.059,1.64,4.746,8.492,92,26.55
01/11/2017 18:30,1.133,2.42,4.888,8.588,98,26.5
01/11/2017 19:00,1.189,1.95,4.926,8.449,90,26.5
01/11/2017 19:30,1.092,1.64,4.751,8.487,95,26.5
01/11/2017 20:00,0.997,1.99,4.484,7.816,92,26.45
01/11/2017 20:30,1.019,1.65,4.574,8.533,85,26.4
01/11/2017 21:00,1.011,1.85,4.643,7.811,92,26.35
01/11/2017 21:30,1.026,1.65,4.523,8.37,94,26.3
01/11/2017 22:00,1.098,1.914,4.687,7.925,87,26.3
01/11/2017 22:30,1.096,1.76,4.683,7.887,95,26.25
01/11/2017 23:00,1.102,1.68,4.988,8.753,91,26.25
01/11/2017 23:30,1.078,1.85,4.482,9.211,85,26.2
01/12/2017 00:00,1.077,1.6,4.759,8.916,99,26.2
01/12/2017 00:30,1.07,2,5.091,9.294,90,26.2
01/12/2017 01:00,1.035,1.89,4.875,8.986,94,26.2
01/12/2017 01:30,1.094,1.94,5.182,9.353,88,26.2
01/12/2017 02:00,1.011,1.63,5.436,9.29,91,26.15
01/12/2017 02:30,1.102,1.71,5.391,9.289,95,26.15
01/12/2017 03:00,1.146,2.29,5.894,8.726,91,26.15
01/12/2017 03:30,1.068,1.64,5.848,8.465,92,26.15
01/12/2017 04:00,1.1,1.81,5.692,8.86,92,26.15
01/12/2017 04:30,1.156,1.95,6.249,8.605,81,26.15
01/12/2017 05:00,1.165,1.85,5.995,8.514,88,26.15
01/12/2017 05:30,1.047,1.7,5.877,9.748,88,26.2
01/12/2017 06:00,1.059,1.72,6.003,9.41,94,26.15
01/12/2017 06:30,1.068,1.71,6.211,9.284,99,26.15
01/12/2017 07:00,1.027,1.77,6.021,9.294,95,26.15
01/12/2017 07:30,1.03,1.93,6.552,9.367,97,26.15
01/12/2017 08:00,1.096,2.12,6.532,9.666,92,26.15
01/12/2017 08:30,1.127,1.63,6.977,9.359,98,26.2
01/12/2017 09:00,1.217,1.85,7.039,9.396,94,26.25
01/12/2017 09:30,1.196,2.01,7.048,9.376,99,26.35
01/12/2017 10:00,1.108,2.19,6.747,9.705,92,26.4
01/12/2017 10:30,1.235,2.06,7.124,9.757,99,26.55
01/12/2017 11:00,1.144,2.15,6.756,9.636,97,26.65
01/12/2017 11:30,1.22,1.99,6.56,9.373,101,26.7
01/12/2017 12:00,1.205,1.64,6.884,9.773,98,26.75
01/12/2017 12:30,1.121,1.81,6.878,9.364,99,26.8
01/12/2017 13:00,1.124,1.92,6.37,8.514,92,26.85
01/12/2017 13:30,1.197,1.84,6.742,9.448,106,26.9
01/12/2017 14:00,1.112,2.06,6.597,9.643,102,26.85
01/12/2017 14:30,1.2,2.04,6.743,9.702,99,26.8
01/12/2017 15:00,1.115,2.09,5.729,9.354,104,26.75
01/12/2017 15:30,0.994,1.72,5.273,9.687,106,26.65
01/12/2017 16:00,1.106,1.79,5.615,9.311,106,26.6
01/12/2017 16:30,0.999,1.62,5.074,9.74,108,26.6
01/12/2017 17:00,1.026,1.71,5.106,8.956,101,26.5
01/12/2017 17:30,0.985,1.59,4.943,9.219,102,26.45
01/12/2017 18:00,0.969,1.68,5.005,9.101,101,26.5
01/12/2017 18:30,0.937,1.55,4.876,8.574,105,26.5
01/12/2017 19:00,1.01,1.922,4.996,8.962,102,26.45
01/12/2017 19:30,0.947,1.59,4.993,8.758,101,26.4
01/12/2017 20:00,0.968,1.41,4.997,8.917,98,26.35
01/12/2017 20:30,0.917,1.57,4.865,9.17,98,26.4
01/12/2017 21:00,0.963,1.79,5.038,8.617,101,26.35
01/12/2017 21:30,0.954,1.64,5.342,9.271,104,26.3
01/12/2017 22:00,0.988,1.92,5.635,8.803,92,26.35
01/12/2017 22:30,0.962,1.84,5.571,8.975,97,26.35
01/12/2017 23:00,0.959,1.58,5.681,8.973,94,26.4
01/12/2017 23:30,0.926,1.51,5.756,8.865,97,26.45
1/13/2017 0:00,0.894,1.45,5.939,8.86,95,26.4
1/13/2017 0:30,0.953,1.7,6.141,8.867,101,26.4
1/13/2017 1:00,0.896,1.52,6.187,8.662,105,26.35
1/13/2017 1:30,0.896,1.84,6.1,8.863,98,26.35
1/13/2017 2:00,1.018,1.6,6.544,8.543,102,26.35
1/13/2017 2:30,0.872,1.61,5.95,8.553,102,26.35
1/13/2017 3:00,0.883,1.4,6.328,8.814,101,26.35
1/13/2017 3:30,0.828,1.55,5.964,8.374,108,26.35
1/13/2017 4:00,0.87,1.34,6.258,8.531,105,26.35
1/13/2017 4:30,0.853,1.42,5.967,8.522,106,26.35
1/13/2017 5:00,0.874,1.37,6.311,8.129,102,26.35
1/13/2017 5:30,0.835,1.59,6.151,8.654,105,26.35
1/13/2017 6:00,0.778,1.39,6.012,8.464,105,26.35
1/13/2017 6:30,0.863,1.37,6.36,8.839,105,26.35
1/13/2017 7:00,0.788,1.36,5.786,7.962,99,26.4
1/13/2017 7:30,0.79,1.36,5.818,7.917,105,26.4
1/13/2017 8:00,0.761,1.23,5.895,8.401,104,26.45
1/13/2017 8:30,0.793,1.29,6.447,8.87,104,26.55
1/13/2017 9:00,0.785,1.3,6.241,8.709,112,26.65
1/13/2017 9:30,0.685,1.21,5.982,7.976,104,26.7
1/13/2017 10:00,0.727,1.14,6.263,8.684,104,26.85
1/13/2017 10:30,0.735,1.14,6.011,8.194,111,27
1/13/2017 11:00,0.784,1.48,6.082,8.394,108,26.95
1/13/2017 11:30,0.767,1.23,6.14,8.93,101,27.05
1/13/2017 12:00,0.746,1.2,5.988,8.489,106,27.1
1/13/2017 12:30,0.705,1.11,5.972,8.204,108,27.15
1/13/2017 13:00,0.761,1.33,5.523,7.857,111,27.15
1/13/2017 13:30,0.842,1.4,5.863,8.087,108,27.15
1/13/2017 14:00,0.832,1.79,5.273,8.372,115,27.15
1/13/2017 14:30,0.763,1.32,4.811,8.525,113,27.15
1/13/2017 15:00,0.777,1.32,4.579,7.877,106,27.1
1/13/2017 15:30,0.79,1.27,4.628,8.272,115,27
1/13/2017 16:00,0.817,1.36,4.696,8.433,113,26.95
1/13/2017 16:30,0.824,1.22,4.669,8.493,113,26.95
1/13/2017 17:00,0.818,1.45,4.372,8.406,111,26.95
1/13/2017 17:30,0.892,1.81,4.45,7.674,108,26.9
1/13/2017 18:00,0.87,1.63,4.339,8.512,111,26.8
1/13/2017 18:30,0.872,1.44,4.193,7.564,119,26.7
1/13/2017 19:00,0.916,1.72,4.22,8.209,99,26.7
1/13/2017 19:30,0.864,1.47,4.049,8.161,105,26.7
1/13/2017 20:00,0.898,1.82,4.254,13.696,108,26.75
1/13/2017 20:30,0.837,1.3,4.037,13.717,106,26.7
1/13/2017 21:00,0.9,1.66,4.12,7.592,129,26.7
1/13/2017 21:30,0.988,1.59,4.327,8.195,136,26.7
1/13/2017 22:00,0.954,1.61,4.448,12.916,108,26.7
1/13/2017 22:30,0.927,1.72,4.305,8.738,130,26.75
1/13/2017 23:00,0.939,1.58,4.473,7.889,146,26.7
1/13/2017 23:30,0.913,1.38,4.429,7.696,108,26.7
1/14/2017 0:00,0.876,1.54,4.189,8.186,106,26.7
1/14/2017 0:30,0.866,1.38,4.451,8.178,129,26.7
1/14/2017 1:00,0.859,1.39,4.388,3.902,109,26.65
1/14/2017 1:30,0.851,1.53,4.657,7.62,128,26.6
1/14/2017 2:00,0.763,1.44,4.314,11.381,109,26.55
1/14/2017 2:30,0.754,1.07,4.557,8.036,130,26.55
1/14/2017 3:00,0.717,1.43,4.286,4.04,112,26.55
1/14/2017 3:30,0.769,1.25,4.369,7.748,120,26.5
1/14/2017 4:00,0.725,1.14,4.539,7.868,115,26.55
1/14/2017 4:30,0.687,1.18,4.53,7.833,111,26.5
1/14/2017 5:00,0.712,1.33,4.764,9.299,122,26.55
1/14/2017 5:30,0.694,1.1,4.631,7.88,120,26.55
1/14/2017 6:00,0.729,1.28,4.898,9.3,135,26.55
1/14/2017 6:30,0.679,1.14,4.56,8.899,120,26.55
1/14/2017 7:00,0.7,1.2,5.034,8.687,133,26.55
1/14/2017 7:30,0.724,1.22,4.681,7.533,139,26.55
1/14/2017 8:00,0.72,1.14,4.678,6.556,126,26.55
1/14/2017 8:30,0.712,1.14,4.359,7.267,94,26.5
1/14/2017 9:00,0.692,1.39,4.182,4.128,102,26.5
1/14/2017 9:30,0.65,1.14,4.078,7.619,104,26.45
1/14/2017 10:00,0.669,1.04,4.104,7.699,43,26.5
1/14/2017 10:30,0.656,1.16,3.932,3.966,122,26.55
1/14/2017 11:00,0.66,1.08,3.712,8.012,46,26.5
1/14/2017 11:30,0.694,1.15,3.742,4.286,104,26.5
1/14/2017 12:00,0.804,1.34,3.797,3.957,32,26.45
1/14/2017 12:30,0.769,1.488,3.617,4.001,35,26.45
1/14/2017 13:00,0.843,1.424,3.673,4.198,30,26.55
1/14/2017 13:30,0.914,1.67,3.811,4.244,29,26.5
1/14/2017 14:00,0.918,1.391,3.725,4.128,33,26.5
1/14/2017 14:30,1.003,1.67,3.914,4.543,26,26.4
1/14/2017 15:00,0.998,1.8,3.825,4.368,30,26.35
1/14/2017 15:30,0.989,1.85,3.866,4.584,25,26.3
1/14/2017 16:00,1.072,1.962,3.871,4.597,28,26.2
1/14/2017 16:30,1.148,1.916,3.917,4.939,28,26.05
1/14/2017 17:00,1.143,2.16,4.002,4.57,32,26
1/14/2017 17:30,1.174,2.005,4.116,4.766,29,25.95
1/14/2017 18:00,1.195,2.257,4.188,4.953,32,25.9
1/14/2017 18:30,1.126,2.34,4.042,4.915,29,25.8
1/14/2017 19:00,1.088,1.769,4.062,4.735,32,25.8
1/14/2017 19:30,1.153,1.94,4.242,5.054,26,25.8
1/14/2017 20:00,1.138,1.875,4.295,4.947,30,25.85
1/14/2017 20:30,1.014,2.2,4.225,5.32,29,25.8
1/14/2017 21:00,0.983,1.51,4.237,5.341,29,25.85
1/14/2017 21:30,0.906,1.41,4.334,5.246,30,25.95
1/14/2017 22:00,0.892,1.58,4.299,4.853,36,25.8
1/14/2017 22:30,0.844,1.43,4.353,5.05,35,25.7
1/14/2017 23:00,0.843,1.54,4.414,4.965,38,25.6
1/14/2017 23:30,0.804,1.35,4.4,4.974,32,25.5
1/15/2017 0:00,0.813,1.31,4.29,5.477,42,25.45
1/15/2017 0:30,0.856,1.47,4.361,5.088,40,25.4
1/15/2017 1:00,0.764,1.27,4.127,5.11,29,25.4
1/15/2017 1:30,0.751,1.18,4.171,4.941,39,25.4
1/15/2017 2:00,0.718,1.51,4.116,4.814,32,25.3
1/15/2017 2:30,0.715,1.1,4.101,4.715,33,25.25
1/15/2017 3:00,0.685,1.21,4.288,4.796,35,25.15
1/15/2017 3:30,0.651,1.05,4.228,5.097,33,25.2
1/15/2017 4:00,0.675,1.08,4.195,4.716,38,25.2
1/15/2017 4:30,0.662,1.07,4.35,4.482,40,25.15
1/15/2017 5:00,0.673,1.12,4.317,4.767,47,25.2
1/15/2017 5:30,0.624,1.08,4.291,4.284,42,25.2
1/15/2017 6:00,0.668,1.31,4.38,4.711,42,25.3
1/15/2017 6:30,0.654,1.13,4.298,4.509,36,25.25
1/15/2017 7:00,0.619,1.06,4.189,4.601,36,25.25
1/15/2017 7:30,0.605,1.16,4.222,4.611,43,25.3
1/15/2017 8:00,0.624,1.01,4.402,4.814,43,25.4
1/15/2017 8:30,0.605,1.02,4.167,4.696,32,25.6
1/15/2017 9:00,0.589,0.97,4.244,4.681,36,25.8
1/15/2017 9:30,0.593,1.01,4.075,4.6,38,26.05
1/15/2017 10:00,0.653,1.14,3.876,4.394,39,26
1/15/2017 10:30,0.692,1.09,3.723,4.69,35,25.95
1/15/2017 11:00,0.69,1.17,3.728,4.491,35,26
1/15/2017 11:30,0.673,1.07,3.873,4.482,35,26.15
1/15/2017 12:00,0.667,1.09,3.884,4.404,29,26.25
1/15/2017 12:30,0.648,1.02,3.861,4.549,39,26.2
1/15/2017 13:00,0.676,1.19,3.656,4.387,39,26.2
1/15/2017 13:30,0.701,1.24,3.705,4.311,40,26.25
1/15/2017 14:00,0.756,1.25,3.694,4.298,38,26.3
1/15/2017 14:30,0.795,1.29,3.742,4.407,35,26.3
1/15/2017 15:00,0.825,1.43,3.803,4.597,39,26.35
1/15/2017 15:30,0.827,1.38,3.814,4.573,43,26.35
1/15/2017 16:00,0.829,1.54,3.713,4.499,42,26.4
1/15/2017 16:30,0.854,1.31,3.883,4.498,40,26.35
1/15/2017 17:00,0.83,1.48,3.86,4.915,43,26.4
1/15/2017 17:30,0.836,1.3,3.923,4.799,35,26.45
1/15/2017 18:00,0.866,1.39,3.857,4.895,39,26.45
1/15/2017 18:30,0.874,1.61,3.911,4.587,39,26.4
1/15/2017 19:00,0.946,1.59,3.92,4.707,39,26.4
1/15/2017 19:30,0.873,1.48,3.883,4.821,42,26.3
1/15/2017 20:00,0.812,1.38,3.992,4.501,40,26.25
1/15/2017 20:30,0.862,1.41,3.968,4.518,45,26.2
1/15/2017 21:00,0.767,1.45,4.035,4.697,42,26.2
1/15/2017 21:30,0.763,1.25,4.052,4.603,38,26.15
1/15/2017 22:00,0.747,1.26,4.032,4.667,52,26.05
1/15/2017 22:30,0.733,1.13,4.102,4.658,47,26.05
1/15/2017 23:00,0.744,1.17,4.3,4.587,47,25.95
1/15/2017 23:30,0.712,1.16,4.168,4.647,54,26
1/16/2017 0:00,0.639,1.02,4.143,4.529,46,25.9
1/16/2017 0:30,0.626,1.1,4.253,4.512,46,25.9
1/16/2017 1:00,0.633,1.22,4.294,4.661,46,25.9
1/16/2017 1:30,0.61,0.93,4.361,4.683,42,25.8
1/16/2017 2:00,0.559,0.91,4.221,4.574,40,25.8
1/16/2017 2:30,0.571,0.94,4.102,4.584,46,25.75
1/16/2017 3:00,0.589,0.91,3.958,4.669,46,25.7
1/16/2017 3:30,0.577,1.19,3.933,4.662,122,25.65
1/16/2017 4:00,0.587,1.02,3.967,4.483,40,25.65
1/16/2017 4:30,0.561,0.89,4.069,4.383,46,25.6
1/16/2017 5:00,0.545,0.92,4.035,4.575,52,25.6
1/16/2017 5:30,0.553,0.83,4.221,14.345,42,25.7
1/16/2017 6:00,0.583,0.9,4.56,13.819,126,25.75
1/16/2017 6:30,0.578,0.91,4.553,14.024,120,25.8
1/16/2017 7:00,0.607,0.96,4.722,13.759,130,25.9
1/16/2017 7:30,0.589,0.88,4.822,13.754,128,25.9
1/16/2017 8:00,0.637,1.03,4.987,13.707,130,26.05
1/16/2017 8:30,0.626,1,5.162,13.147,140,26.15
1/16/2017 9:00,0.66,1.23,5.144,13.085,128,26.25
1/16/2017 9:30,0.621,1.08,5.129,12.951,129,26.55
1/16/2017 10:00,0.647,1.15,5.285,9.837,128,26.65
1/16/2017 10:30,0.682,1.4,5.425,9.766,133,26.7
1/16/2017 11:00,0.721,1.08,5.594,12.959,151,26.7
1/16/2017 11:30,0.709,1.39,5.366,12.834,128,26.8
1/16/2017 12:00,0.721,1.22,5.431,9.393,136,26.75
1/16/2017 12:30,0.663,1.2,5.243,9.661,126,27
1/16/2017 13:00,0.755,1.17,5.39,9.295,150,27.15
1/16/2017 13:30,0.705,1.03,5.112,12.902,149,27
1/16/2017 14:00,0.787,1.22,5.324,12.955,132,27
1/16/2017 14:30,0.792,1.32,5.178,13.023,133,27
1/16/2017 15:00,0.851,1.4,5.445,8.304,137,26.9
1/16/2017 15:30,0.93,1.75,5.262,8.179,142,26.85
1/16/2017 16:00,0.991,1.72,5.557,7.653,143,26.75
1/16/2017 16:30,0.952,1.48,5.221,7.838,147,26.65
1/16/2017 17:00,0.983,1.98,5.114,7.656,147,26.6
1/16/2017 17:30,0.831,1.46,4.408,7.54,149,26.65
1/16/2017 18:00,0.784,1.35,4.547,4.111,149,26.65
1/16/2017 18:30,0.772,1.32,4.452,7.286,119,26.6
1/16/2017 19:00,0.78,1.39,4.399,7.633,150,26.55
1/16/2017 19:30,0.736,1.21,4.376,7.899,146,26.55
1/16/2017 20:00,0.714,1.13,4.414,7.591,147,26.55
1/16/2017 20:30,0.724,1.05,4.498,8.134,143,26.55
1/16/2017 21:00,0.807,1.58,4.977,8.457,144,26.45
1/16/2017 21:30,0.921,1.56,5.092,8.13,144,26.55
1/16/2017 22:00,0.944,1.56,5.45,8.195,144,26.45
1/16/2017 22:30,1.005,1.76,5.716,7.547,147,26.45
1/16/2017 23:00,0.997,1.58,5.566,10.35,146,26.4
1/16/2017 23:30,1.074,1.79,5.845,7.854,137,26.4
1/17/2017 0:00,1.044,1.77,5.999,10.067,135,26.4
1/17/2017 0:30,1.036,1.74,5.739,10.24,139,26.35
1/17/2017 1:00,0.943,1.66,5.65,7.293,143,26.2
1/17/2017 1:30,0.989,1.98,5.63,8.015,144,26.2
1/17/2017 2:00,0.9,1.61,5.466,7.621,142,26.1
1/17/2017 2:30,0.93,1.59,5.663,7.625,144,26
1/17/2017 3:00,0.933,1.37,5.547,7.362,142,26.15
1/17/2017 3:30,0.948,1.84,5.871,7.842,144,26.15
1/17/2017 4:00,0.944,1.55,5.85,7.549,143,26.25
1/17/2017 4:30,0.953,1.83,5.799,16.024,154,26.2
1/17/2017 5:00,0.841,1.8,5.37,15.933,123,26.1
1/17/2017 5:30,0.835,1.52,5.352,16.05,130,26.2
1/17/2017 6:00,0.844,1.54,5.157,7.053,150,26.2
1/17/2017 6:30,0.781,1.22,4.801,7.016,142,26.25
1/17/2017 7:00,0.792,1.52,4.852,7.283,135,26.3
1/17/2017 7:30,0.839,1.47,4.852,6.682,151,26.4
1/17/2017 8:00,0.826,1.22,4.706,6.581,144,26.45
1/17/2017 8:30,0.787,1.38,4.809,6.769,128,26.7
1/17/2017 9:00,0.814,1.28,4.698,6.784,142,26.8
1/17/2017 9:30,0.796,1.29,4.917,7.267,147,26.9
1/17/2017 10:00,0.861,1.67,5.187,6.605,139,27
1/17/2017 10:30,0.827,1.34,5.182,13.85,153,27.1
1/17/2017 11:00,0.827,1.98,5.076,6.998,146,27.2
1/17/2017 11:30,0.841,1.5,5.05,7.031,151,27.3
1/17/2017 12:00,0.834,1.38,4.97,14.714,136,27.4
1/17/2017 12:30,0.81,1.23,5.228,6.763,136,27.45
1/17/2017 13:00,0.839,1.51,5.095,6.744,132,27.5
1/17/2017 13:30,0.829,1.36,5.081,4.953,142,27.45
1/17/2017 14:00,0.842,1.49,4.883,5.661,84,27.5
1/17/2017 14:30,0.857,1.52,4.902,5.797,130,27.5
1/17/2017 15:00,0.859,1.44,4.962,6.003,97,27.55
1/17/2017 15:30,0.905,1.5,4.995,6.136,132,27.55
1/17/2017 16:00,0.841,1.53,4.954,5.44,125,27.5
1/17/2017 16:30,0.87,1.52,4.994,5.625,135,27.4
1/17/2017 17:00,0.886,1.43,5.045,5.616,115,27.25
1/17/2017 17:30,0.854,1.37,4.759,5.672,128,27.25
1/17/2017 18:00,0.862,1.38,4.945,5.636,137,27.15
1/17/2017 18:30,0.873,1.31,4.888,13.049,123,27
1/17/2017 19:00,0.879,1.36,4.985,6.351,144,26.85
1/17/2017 19:30,0.829,1.26,4.814,5.516,130,26.75
1/17/2017 20:00,0.845,1.37,4.72,5.612,129,26.7
1/17/2017 20:30,0.856,1.33,4.786,13.73,128,26.65
1/17/2017 21:00,0.751,1.28,4.653,5.87,132,26.6
1/17/2017 21:30,0.786,1.21,4.748,13.828,119,26.5
1/17/2017 22:00,0.719,1.21,4.379,5.063,113,26.55
1/17/2017 22:30,0.73,1.25,4.416,5.515,122,26.45
1/17/2017 23:00,0.773,1.38,4.758,13.478,135,26.45
1/17/2017 23:30,0.776,1.46,4.57,12.959,128,26.45
1/18/2017 0:00,0.76,1.23,4.835,13.122,126,26.4
1/18/2017 0:30,0.782,1.36,4.859,13.09,112,26.35
1/18/2017 1:00,0.79,1.34,5.05,5.98,92,26.25
1/18/2017 1:30,0.772,1.43,5.053,12.955,137,26.15
1/18/2017 2:00,0.77,1.33,5.048,13.041,136,26.2
1/18/2017 2:30,0.76,1.27,5.08,12.876,137,26.2
1/18/2017 3:00,0.715,1.17,5.211,12.971,135,26.1
1/18/2017 3:30,0.706,1.14,4.972,12.386,130,26.15
1/18/2017 4:00,0.702,1.36,5.125,12.404,136,26.2
1/18/2017 4:30,0.663,1.11,5.243,6.544,130,26.2
1/18/2017 5:00,0.653,1.08,5.044,6.342,129,25.9
1/18/2017 5:30,0.564,0.92,4.98,12.926,101,25.9
1/18/2017 6:00,0.641,1.03,4.686,6.391,85,25.9
1/18/2017 6:30,0.617,1.04,4.972,13.735,78,25.9
1/18/2017 7:00,0.575,1.03,4.816,6.113,125,25.95
1/18/2017 7:30,0.553,1.07,4.726,13.787,81,26.15
1/18/2017 8:00,0.595,0.87,5.369,6.146,85,26.25
1/18/2017 8:30,0.636,0.98,5.073,13.592,113,26.55
1/18/2017 9:00,0.651,1.14,4.927,6.361,119,26.8
1/18/2017 9:30,0.671,1.02,5.049,12.861,74,26.95
1/18/2017 10:00,0.731,1.09,4.907,6.014,120,27.05
1/18/2017 10:30,0.698,1.18,4.661,6.314,73,27.1
1/18/2017 11:00,0.683,1.53,4.494,6.514,80,27.15
1/18/2017 11:30,0.743,1.28,4.606,6.643,73,27.3
1/18/2017 12:00,0.751,1.29,4.457,6.357,80,27.35
1/18/2017 12:30,0.777,1.23,4.201,5.938,129,27.5
1/18/2017 13:00,0.76,1.27,4.018,6.345,83,27.5
1/18/2017 13:30,0.769,1.32,3.987,6.593,70,27.5
1/18/2017 14:00,0.821,1.44,4.003,6.683,70,27.55
1/18/2017 14:30,0.821,1.28,3.779,5.632,85,27.55
1/18/2017 15:00,0.837,1.59,3.852,3.625,38,27.4
1/18/2017 15:30,0.899,1.62,3.799,3.666,33,27.2
1/18/2017 16:00,0.949,1.65,3.813,3.684,35,27.15
1/18/2017 16:30,0.968,1.637,3.681,3.88,26,27.05
1/18/2017 17:00,1.066,1.87,4.149,4.191,29,27.05
1/18/2017 17:30,1.055,1.8,3.87,4.585,23,27
1/18/2017 18:00,1.053,1.888,3.932,4.307,36,27
1/18/2017 18:30,1.073,1.96,4.036,4.233,-99.9,26.7
1/18/2017 19:00,1.055,1.75,3.965,4.418,21,26.65
1/18/2017 19:30,1.022,1.823,3.93,4.298,29,26.65
1/18/2017 20:00,0.962,1.97,3.974,4.638,25,26.65
1/18/2017 20:30,0.94,1.49,4.048,4.891,38,26.65
1/18/2017 21:00,0.943,1.48,4.03,4.704,45,26.6
1/18/2017 21:30,0.947,1.75,4.225,4.751,42,26.65
1/18/2017 22:00,0.894,1.32,4.314,4.516,39,26.65
1/18/2017 22:30,0.888,1.91,4.229,6.541,36,26.6
1/18/2017 23:00,0.835,1.35,4.227,5.984,39,26.55
1/18/2017 23:30,0.94,1.57,4.258,5.036,59,26.5
1/19/2017 0:00,0.858,1.51,4.134,5.09,45,26.4
1/19/2017 0:30,0.809,1.37,4.151,6.367,53,26.35
1/19/2017 1:00,0.82,1.25,4.132,5.059,39,26.25
1/19/2017 1:30,0.772,1.27,4.213,5.073,43,26.2
1/19/2017 2:00,0.749,1.43,4.171,5.07,46,26.15
1/19/2017 2:30,0.807,1.19,4.471,5.046,42,26.15
1/19/2017 3:00,0.733,1.23,4.338,4.716,45,26.1
1/19/2017 3:30,0.759,1.25,4.28,4.95,43,26.05
1/19/2017 4:00,0.726,1.24,4.189,5.342,36,26.05
1/19/2017 4:30,0.705,1.22,4.214,5.328,49,26.05
1/19/2017 5:00,0.693,1.19,4.494,4.84,50,26.15
1/19/2017 5:30,0.66,1.15,4.476,4.85,38,26.15
1/19/2017 6:00,0.666,1.05,4.696,5.203,46,26.2
1/19/2017 6:30,0.686,1.21,4.753,4.947,50,26.15
1/19/2017 7:00,0.672,1.03,4.848,4.74,45,26.15
1/19/2017 7:30,0.606,1,4.775,4.895,40,26.15
1/19/2017 8:00,0.645,1.28,4.797,5.331,45,26.2
1/19/2017 8:30,0.692,1.26,4.824,4.924,42,26.15
1/19/2017 9:00,0.648,1.09,4.514,6.185,47,26.15
1/19/2017 9:30,0.648,1.2,4.187,5.433,47,26.1
1/19/2017 10:00,0.735,1.43,4.012,5.091,40,26.1
1/19/2017 10:30,0.768,1.34,3.971,3.442,39,26.1
1/19/2017 11:00,1.059,1.82,4.259,5.06,143,26.05
1/19/2017 11:30,1.233,1.95,4.414,4.944,140,25.9
1/19/2017 12:00,1.414,3.12,4.623,5.353,149,25.9
1/19/2017 12:30,1.397,2.5,4.762,5.512,140,25.9
1/19/2017 13:00,1.38,2.15,4.681,5.6,136,25.85
1/19/2017 13:30,1.32,2.44,4.738,5.785,125,25.9
1/19/2017 14:00,1.278,2.25,4.629,5.48,130,25.8
1/19/2017 14:30,1.296,2.14,4.669,5.654,132,25.8
1/19/2017 15:00,1.386,2.76,4.793,5.076,142,25.75
1/19/2017 15:30,1.394,2.15,4.813,5.176,132,25.8
1/19/2017 16:00,1.6,2.95,5.274,8.136,129,25.8
1/19/2017 16:30,1.609,2.58,5.315,7.882,136,25.75
1/19/2017 17:00,1.687,2.57,5.379,9.231,135,25.75
1/19/2017 17:30,1.638,2.7,5.531,8.948,136,25.75
1/19/2017 18:00,1.63,2.91,5.238,7.571,136,25.7
1/19/2017 18:30,1.658,2.64,5.364,8.155,139,25.7
1/19/2017 19:00,1.578,2.67,5.271,6.654,133,25.7
1/19/2017 19:30,1.559,2.75,5.277,7.827,132,25.7
1/19/2017 20:00,1.476,2.75,5.193,7.576,140,25.7
1/19/2017 20:30,1.408,2.5,4.959,7.8,129,25.65
1/19/2017 21:00,1.375,2.45,5.202,6.567,140,25.65
1/19/2017 21:30,1.383,2.45,5.044,6.16,130,25.65
1/19/2017 22:00,1.433,2.43,5.333,8.741,136,25.65
1/19/2017 22:30,1.42,2.25,5.33,8.2,129,25.65
1/19/2017 23:00,1.412,2.169,5.346,6.777,135,25.65
1/19/2017 23:30,1.395,2.47,5.42,7.506,136,25.65
1/20/2017 0:00,1.358,2.54,5.288,8.163,137,25.7
1/20/2017 0:30,1.362,2.57,5.222,8.254,136,25.7
1/20/2017 1:00,1.289,2.56,5.234,8.889,137,25.7
1/20/2017 1:30,1.317,2.32,5.528,7.911,136,25.7
1/20/2017 2:00,1.333,1.94,5.658,8.515,136,25.7
1/20/2017 2:30,1.37,2.07,5.868,7.301,136,25.7
1/20/2017 3:00,1.324,2.59,5.707,7.833,139,25.7
1/20/2017 3:30,1.254,2.29,5.889,10.883,129,25.7
1/20/2017 4:00,1.233,2.1,5.734,7.494,132,25.7
1/20/2017 4:30,1.307,2.11,6.061,10.746,140,25.7
1/20/2017 5:00,1.264,1.86,6.529,12.132,133,25.65
1/20/2017 5:30,1.194,1.9,6.188,7.591,130,25.65
1/20/2017 6:00,1.287,1.91,6.322,7.388,143,26.25
1/20/2017 6:30,1.189,2.01,6.249,7.479,146,26.2
1/20/2017 7:00,1.139,2.09,6.335,7.03,143,26.15
1/20/2017 7:30,1.201,1.9,6.132,7.282,146,25.95
1/20/2017 8:00,1.066,1.81,6.129,7.262,142,25.75
1/20/2017 8:30,1.019,1.6,6.187,6.847,144,25.8
1/20/2017 9:00,0.997,2.04,5.845,6.182,146,25.9
1/20/2017 9:30,0.966,1.66,6.002,7.27,136,26.05
1/20/2017 10:00,0.92,1.32,6.196,6.564,140,26.4
1/20/2017 10:30,0.959,1.48,6.178,6.998,122,26.7
1/20/2017 11:00,0.892,1.58,6.031,6.808,139,26.65
1/20/2017 11:30,0.942,1.47,6.325,7.192,136,26.6
1/20/2017 12:00,0.861,1.5,6.028,6.929,137,26.6
1/20/2017 12:30,0.972,1.63,5.886,7.154,133,26.6
1/20/2017 13:00,1.009,1.81,5.907,6.781,135,26.65
1/20/2017 13:30,0.982,1.52,5.839,7.024,132,26.5
1/20/2017 14:00,1.034,1.59,5.44,7.272,139,26.55
1/20/2017 14:30,1.031,1.51,5.171,6.921,132,26.45
1/20/2017 15:00,1.052,1.811,4.893,6.98,139,26.4
1/20/2017 15:30,1.022,1.84,4.74,7.25,135,26.4
1/20/2017 16:00,1.067,2.02,4.604,6.596,128,26.3
1/20/2017 16:30,1.057,1.62,4.694,6.627,133,26.3
1/20/2017 17:00,1.098,2.17,4.657,6.915,130,26.3
1/20/2017 17:30,1.075,1.87,4.454,5.973,133,26.3
1/20/2017 18:00,1.123,1.84,4.793,6.787,132,26.25
1/20/2017 18:30,1.061,1.6,4.607,9.837,132,26.2
1/20/2017 19:00,1.116,1.69,4.671,10.263,132,26.25
1/20/2017 19:30,1.122,1.73,4.626,6.751,133,26.2
1/20/2017 20:00,1.115,1.81,4.742,10.797,135,26.15
1/20/2017 20:30,1.119,1.81,4.48,11.317,128,26.15
1/20/2017 21:00,1.116,1.75,4.952,11.323,133,26.15
1/20/2017 21:30,1.051,1.73,4.735,11.005,132,26.1
1/20/2017 22:00,1.006,1.98,4.572,11.26,132,26.1
1/20/2017 22:30,1.008,1.55,4.729,11.449,125,26.15
1/20/2017 23:00,0.933,1.7,4.522,4.709,128,26.1
1/20/2017 23:30,0.889,1.96,4.554,10.832,125,26.05
1/21/2017 0:00,0.925,1.5,4.689,9.368,130,26.05
1/21/2017 0:30,0.932,1.61,4.743,4.855,129,26.1
1/21/2017 1:00,0.95,1.54,4.765,5.195,129,26.15
1/21/2017 1:30,0.965,1.78,4.692,5.636,129,26.1
1/21/2017 2:00,1.024,2.08,4.878,5.351,36,26.1
1/21/2017 2:30,0.966,1.6,4.528,5.343,33,26.1
1/21/2017 3:00,0.976,1.84,4.515,5.198,39,26.1
1/21/2017 3:30,0.953,1.59,4.499,5.956,38,26.1
1/21/2017 4:00,0.996,1.58,4.474,4.933,36,26.05
1/21/2017 4:30,0.96,1.56,4.757,5.085,40,26.1
1/21/2017 5:00,0.902,1.41,4.682,5.217,32,26.05
1/21/2017 5:30,0.903,1.5,4.758,5.304,32,26.05
1/21/2017 6:00,0.843,1.33,4.736,5.077,38,26.05
1/21/2017 6:30,0.931,1.5,4.882,5.21,35,26
1/21/2017 7:00,0.875,1.39,4.681,5.395,30,25.95
1/21/2017 7:30,0.89,1.62,4.935,5.231,39,26
1/21/2017 8:00,0.832,1.52,4.886,5.469,32,26.05
1/21/2017 8:30,0.88,1.94,5.128,5.345,133,26.05
1/21/2017 9:00,0.899,1.54,4.935,5.217,128,26.1
1/21/2017 9:30,0.853,1.3,4.928,12.821,28,26.2
1/21/2017 10:00,0.807,1.44,4.798,5.339,133,26.25
1/21/2017 10:30,0.783,1.29,4.814,5.632,133,26.3
1/21/2017 11:00,0.797,1.54,5.143,11.907,130,26.35
1/21/2017 11:30,0.779,1.18,5.118,5.496,135,26.4
1/21/2017 12:00,0.804,1.25,4.92,5.474,139,26.4
1/21/2017 12:30,0.742,1.12,5.165,10.822,21,26.5
1/21/2017 13:00,0.759,1.3,5.229,5.095,132,26.5
1/21/2017 13:30,0.741,1.1,4.982,5.349,135,26.55
1/21/2017 14:00,0.694,1.2,4.826,5.606,132,26.6
1/21/2017 14:30,0.646,1.2,4.39,10.273,22,26.55
1/21/2017 15:00,0.777,1.3,4.296,10.839,136,26.45
1/21/2017 15:30,0.957,1.88,4.062,3.728,135,26.3
1/21/2017 16:00,1.1,2.2,4.082,4.403,143,26.25
1/21/2017 16:30,1.3,1.96,4.301,4.601,137,26.2
1/21/2017 17:00,1.346,2.4,4.327,5.086,133,26.2
1/21/2017 17:30,1.399,2.513,4.484,5.586,147,26.15
1/21/2017 18:00,1.533,2.683,4.813,5.469,129,26.15
1/21/2017 18:30,1.908,3.42,4.888,5.64,140,26.15
1/21/2017 19:00,1.848,2.92,4.833,5.801,136,26.1
1/21/2017 19:30,1.953,3.93,5.137,6.146,137,26.1
1/21/2017 20:00,1.848,3.12,5.135,6.315,133,26.05
1/21/2017 20:30,1.95,3.16,4.947,6.36,135,26.05
1/21/2017 21:00,1.945,3.65,5.009,6.532,136,26.05
1/21/2017 21:30,1.995,3.51,5.253,6.604,135,26.05
1/21/2017 22:00,1.927,3.27,5.247,6.565,129,26.05
1/21/2017 22:30,1.879,3.05,5.06,6.777,135,26.05
1/21/2017 23:00,1.861,2.92,5.127,6.627,128,26.05
1/21/2017 23:30,1.882,3.413,5.217,6.508,135,26.1
1/22/2017 0:00,2.014,3.27,5.333,6.554,142,26.1
1/22/2017 0:30,1.911,3.08,5.184,6.575,133,26.1
1/22/2017 1:00,1.912,3.247,5.126,6.568,142,26.1
1/22/2017 1:30,1.773,2.76,5.237,6.355,129,26.05
1/22/2017 2:00,1.74,3.21,4.994,7.325,130,26.05
1/22/2017 2:30,1.86,3.01,5.298,7.281,133,26.05
1/22/2017 3:00,1.692,2.75,5.402,6.564,130,26.05
1/22/2017 3:30,1.678,3.06,5.142,5.637,129,26
1/22/2017 4:00,1.774,3.89,5.362,6.956,140,26
1/22/2017 4:30,1.694,2.52,5.152,6.59,135,26
1/22/2017 5:00,1.618,3.03,5.164,5.334,130,26
1/22/2017 5:30,1.707,3.02,5.308,7.242,133,26
1/22/2017 6:00,1.617,2.74,5.27,6.364,130,26
1/22/2017 6:30,1.716,2.98,5.234,6.299,136,26
1/22/2017 7:00,1.709,3.07,5.31,6.86,123,26
1/22/2017 7:30,1.649,2.66,5.253,6.732,128,26
1/22/2017 8:00,1.561,2.76,5.06,6.571,133,26.05
1/22/2017 8:30,1.56,2.79,5.239,6.341,135,26
1/22/2017 9:00,1.547,2.76,4.897,6.532,137,26.05
1/22/2017 9:30,1.556,2.859,4.992,6.992,129,26.05
1/22/2017 10:00,1.512,2.29,5.136,7.025,132,26.1
1/22/2017 10:30,1.39,2.06,4.761,6.789,132,26.1
1/22/2017 11:00,1.378,2.03,4.89,6.249,126,26.1
1/22/2017 11:30,1.255,1.99,4.717,6.101,130,26.15
1/22/2017 12:00,1.271,2.28,4.786,6.502,132,26.15
1/22/2017 12:30,1.295,2.08,4.856,5.799,133,26.15
1/22/2017 13:00,1.296,2.19,4.784,5.609,129,26.15
1/22/2017 13:30,1.263,2.21,4.655,5.874,123,26.15
1/22/2017 14:00,1.222,1.95,4.874,5.431,119,26.15
1/22/2017 14:30,1.216,2.37,4.519,5.62,120,26.15
1/22/2017 15:00,1.375,2.24,4.948,5.485,123,26.1
1/22/2017 15:30,1.23,2.01,4.595,6.376,129,26.1
1/22/2017 16:00,1.286,2.77,4.877,4.954,126,26.1
1/22/2017 16:30,1.356,2.15,5.146,6.541,120,26.1
1/22/2017 17:00,1.286,2.19,5.065,7.012,128,26
1/22/2017 17:30,1.268,2.26,5.471,6.386,120,26
1/22/2017 18:00,1.217,2.34,4.914,6.384,125,25.9
1/22/2017 18:30,1.224,2.07,4.94,6.725,118,25.85
1/22/2017 19:00,1.158,1.75,4.921,6.781,123,25.85
1/22/2017 19:30,1.225,2.01,5.165,6.359,120,25.9
1/22/2017 20:00,1.15,1.92,5.085,7.736,120,25.9
1/22/2017 20:30,1.147,2.63,4.813,6.988,125,25.9
1/22/2017 21:00,1.145,1.75,4.854,6.778,120,25.85
1/22/2017 21:30,1.118,1.61,4.835,7.305,123,25.85
1/22/2017 22:00,1.067,1.66,4.807,5.085,123,25.8
1/22/2017 22:30,1.156,2.04,5.067,5.453,123,25.8
1/22/2017 23:00,0.995,1.75,4.547,4.823,116,25.8
1/22/2017 23:30,1.045,1.85,4.62,4.939,125,25.8
1/23/2017 0:00,0.992,1.52,4.514,4.842,115,25.85
1/23/2017 0:30,1.043,1.73,4.59,5.492,125,25.9
1/23/2017 1:00,1.007,1.8,4.388,5.375,126,25.9
1/23/2017 1:30,0.984,1.79,4.447,5.088,115,25.85
1/23/2017 2:00,1.022,1.77,4.643,4.731,119,25.85
1/23/2017 2:30,1.002,1.87,4.863,6.777,119,25.85
1/23/2017 3:00,1.039,1.77,4.766,6.336,113,25.85
1/23/2017 3:30,1.039,1.69,4.946,7.061,113,25.8
1/23/2017 4:00,0.988,1.56,5.105,6.956,119,25.8
1/23/2017 4:30,1.005,1.73,5.293,12.851,122,25.8
1/23/2017 5:00,0.998,1.77,5.002,6.387,119,25.8
1/23/2017 5:30,1.008,1.75,5.196,6.051,108,25.75
1/23/2017 6:00,1.033,1.65,5.078,12.191,122,25.75
1/23/2017 6:30,1,1.56,5.059,6.775,118,25.75
1/23/2017 7:00,0.999,1.69,5.394,9.245,123,25.75
1/23/2017 7:30,0.996,1.62,5.55,12.922,113,25.75
1/23/2017 8:00,1.055,2.32,5.354,13.035,125,25.75
1/23/2017 8:30,0.992,2.06,5.15,13.766,119,25.75
1/23/2017 9:00,0.996,1.66,5.278,12.209,119,25.75
1/23/2017 9:30,0.991,1.55,5.469,10.869,115,25.8
1/23/2017 10:00,1.022,1.62,5.97,12.603,125,25.85
1/23/2017 10:30,1.16,2.15,6.569,12.934,122,25.9
1/23/2017 11:00,1.122,2,6.62,12.963,119,25.9
1/23/2017 11:30,1.104,1.75,6.796,12.554,118,25.9
1/23/2017 12:00,1.095,1.85,6.494,12.44,122,25.95
1/23/2017 12:30,1.161,1.76,7.297,13.17,119,25.95
1/23/2017 13:00,1.357,2.22,7.918,12.9,118,25.95
1/23/2017 13:30,1.153,2.23,7.115,12.863,119,26.05
1/23/2017 14:00,1.151,2.09,7.519,12.58,122,26.05
1/23/2017 14:30,1.188,1.71,7.482,12.789,125,26.05
1/23/2017 15:00,1.245,1.76,7.729,11.959,123,26.05
1/23/2017 15:30,1.299,2.3,8.108,12.25,120,26.05
1/23/2017 16:00,1.148,1.81,7.108,11.568,122,26.15
1/23/2017 16:30,1.127,2.06,7.049,11.774,128,26.15
1/23/2017 17:00,1.229,2.2,7.276,12.274,129,26.15
1/23/2017 17:30,1.311,2.04,8.26,11.467,129,26.1
1/23/2017 18:00,1.12,2.18,7.006,11.894,130,26.1
1/23/2017 18:30,1.181,1.69,7.101,11.999,129,26.05
1/23/2017 19:00,0.974,1.73,6.033,12.821,128,25.95
1/23/2017 19:30,0.987,1.56,6.394,12.125,129,25.95
1/23/2017 20:00,1.054,1.76,6.552,11.707,123,25.9
1/23/2017 20:30,1.026,1.72,6.46,12.16,126,25.9
1/23/2017 21:00,0.977,1.42,6.207,12.247,125,25.85
1/23/2017 21:30,0.902,1.41,6.206,12.163,123,25.85
1/23/2017 22:00,0.941,1.79,6.219,12.128,120,25.8
1/23/2017 22:30,0.991,1.47,5.918,11.527,128,25.75
1/23/2017 23:00,0.942,1.64,5.53,12.635,125,25.75
1/23/2017 23:30,0.926,1.41,5.852,11.942,122,25.75
1/24/2017 0:00,0.95,1.69,6.142,11.359,123,25.75
1/24/2017 0:30,0.961,1.59,6.43,11.892,122,25.75
1/24/2017 1:00,0.952,1.55,6.017,12.143,126,25.75
1/24/2017 1:30,0.99,1.6,6.212,12.125,119,25.75
1/24/2017 2:00,0.952,1.5,6.173,12.572,119,25.7
1/24/2017 2:30,1.141,1.78,6.851,12.175,118,25.75
1/24/2017 3:00,1.129,1.99,6.688,10.819,123,25.75
1/24/2017 3:30,1.235,2.05,7.164,12.124,122,25.7
1/24/2017 4:00,1.221,2.21,7.145,11.574,125,25.75
1/24/2017 4:30,1.19,1.84,7.013,9.804,126,25.75
1/24/2017 5:00,1.347,2.52,7.489,11.926,125,25.75
1/24/2017 5:30,1.2,1.93,7.103,11.172,125,25.8
1/24/2017 6:00,1.313,2.05,7.313,11.48,120,25.8
1/24/2017 6:30,1.258,2.36,7.117,10.964,120,25.8
1/24/2017 7:00,1.32,2.15,7.354,11.5,125,25.8
1/24/2017 7:30,1.26,1.92,7.299,11.385,125,25.8
1/24/2017 8:00,1.15,1.99,6.937,11.022,128,25.85
1/24/2017 8:30,1.091,1.69,7.042,10.956,115,25.95
1/24/2017 9:00,1.049,1.82,6.459,10.239,111,26.05
1/24/2017 9:30,0.917,1.46,6.094,10.272,123,26.25
1/24/2017 10:00,0.974,1.34,6.723,11.313,94,26.25
1/24/2017 10:30,0.882,1.37,6.127,11.274,116,26.45
1/24/2017 11:00,0.89,1.6,6.142,12.805,106,26.55
1/24/2017 11:30,0.896,1.5,6.497,11.965,109,26.65
1/24/2017 12:00,0.851,1.28,6.325,11.642,106,26.6
1/24/2017 12:30,0.81,1.5,5.957,11.472,115,26.55
1/24/2017 13:00,0.794,1.27,5.943,9.909,108,26.6
1/24/2017 13:30,0.848,1.43,6.014,10.758,101,26.75
1/24/2017 14:00,0.824,1.38,5.803,12.747,120,26.8
1/24/2017 14:30,0.786,1.23,5.178,5.466,129,26.8
1/24/2017 15:00,0.813,1.37,5.219,12.347,118,26.7
1/24/2017 15:30,0.838,1.62,4.965,9.31,129,26.6
1/24/2017 16:00,0.774,1.32,4.863,10.953,135,26.35
1/24/2017 16:30,0.831,1.45,5.104,10.986,104,26.35
1/24/2017 17:00,0.894,1.39,4.898,6.138,113,26.35
1/24/2017 17:30,0.874,1.29,5.217,10.807,90,26.3
1/24/2017 18:00,0.874,1.39,5.346,10.385,123,26.25
1/24/2017 18:30,0.944,1.52,5.063,6.152,116,26.2
1/24/2017 19:00,0.882,1.75,4.88,6.333,83,26.2
1/24/2017 19:30,0.88,1.53,4.775,6.103,116,26.1
1/24/2017 20:00,0.918,1.33,4.961,6.528,81,26.05
1/24/2017 20:30,0.904,1.64,4.802,6.134,84,26.05
1/24/2017 21:00,0.916,1.51,4.798,6.65,116,26.05
1/24/2017 21:30,0.924,1.64,4.875,6.412,94,26
1/24/2017 22:00,0.949,1.65,5.26,6.324,87,26.05
1/24/2017 22:30,0.893,1.61,4.863,6.205,108,26
1/24/2017 23:00,0.864,1.7,4.82,6.769,108,26
1/24/2017 23:30,0.966,1.48,5.011,5.974,111,25.95
1/25/2017 0:00,0.895,1.66,5.021,10.205,88,25.95
1/25/2017 0:30,0.941,1.49,5.066,5.853,113,25.95
1/25/2017 1:00,0.945,1.56,5.067,10.254,84,25.9
1/25/2017 1:30,0.861,1.36,4.916,10.798,109,25.9
1/25/2017 2:00,0.873,1.45,5.063,10.251,108,25.9
1/25/2017 2:30,0.853,1.56,4.989,10.066,113,25.9
1/25/2017 3:00,0.845,1.55,5.053,9.831,98,25.9
1/25/2017 3:30,0.814,1.39,5.143,10.289,109,25.9
1/25/2017 4:00,0.848,1.34,5.218,10.229,94,25.9
1/25/2017 4:30,0.811,1.63,5.168,9.776,116,25.9
1/25/2017 5:00,0.838,1.34,5.356,9.789,106,25.9
1/25/2017 5:30,0.795,1.26,5.253,9.631,108,25.9
1/25/2017 6:00,0.822,1.51,5.577,9.348,115,25.85
1/25/2017 6:30,0.867,1.47,5.913,9.807,102,25.85
1/25/2017 7:00,0.884,1.46,6.006,10.131,104,25.9
1/25/2017 7:30,0.801,1.65,5.67,9.339,108,25.9
1/25/2017 8:00,0.868,1.29,6.016,9.792,115,26
1/25/2017 8:30,0.83,1.47,5.84,6.57,111,26.1
1/25/2017 9:00,0.888,1.49,6.156,9.76,95,26.2
1/25/2017 9:30,0.917,1.46,6.192,9.86,98,26.35
1/25/2017 10:00,0.824,1.46,5.819,6.815,99,26.35
1/25/2017 10:30,0.848,1.3,6.205,10.8,105,26.45
1/25/2017 11:00,0.828,1.37,6.151,9.715,109,26.5
1/25/2017 11:30,0.861,1.39,6.167,9.488,94,26.75
1/25/2017 12:00,0.836,1.43,5.982,9.376,101,26.95
1/25/2017 12:30,0.848,1.57,5.986,6.361,101,27
1/25/2017 13:00,0.834,1.54,5.642,9.75,105,26.95
1/25/2017 13:30,0.861,1.35,6.019,6.769,106,26.85
1/25/2017 14:00,0.849,1.53,5.532,6.988,88,26.8
1/25/2017 14:30,0.822,1.33,5.478,6.746,95,26.8
1/25/2017 15:00,0.842,1.29,5.291,10.213,91,26.75
1/25/2017 15:30,0.836,1.41,5.079,6.511,98,26.7
1/25/2017 16:00,0.815,1.22,5.063,6.549,94,26.65
1/25/2017 16:30,0.833,1.28,5.11,5.982,87,26.6
1/25/2017 17:00,0.88,1.22,5.388,10.282,91,26.6
1/25/2017 17:30,0.896,1.56,5.382,6.189,84,26.55
1/25/2017 18:00,0.835,1.31,5.119,5.905,81,26.55
1/25/2017 18:30,0.853,1.39,5.135,9.831,87,26.55
1/25/2017 19:00,0.858,1.38,4.997,6.279,85,26.5
1/25/2017 19:30,0.809,1.55,4.969,8.94,75,26.7
1/25/2017 20:00,0.896,1.56,5.078,6.222,90,26.6
1/25/2017 20:30,0.8,1.51,5.024,5.806,81,26.5
1/25/2017 21:00,0.869,1.44,5.045,6.45,120,26.55
1/25/2017 21:30,0.832,1.28,5.06,9.964,116,26.5
1/25/2017 22:00,0.791,1.23,4.891,10.283,115,26.45
1/25/2017 22:30,0.797,1.38,4.9,7.334,125,26.45
1/25/2017 23:00,0.821,1.21,4.957,7.057,91,26.4
1/25/2017 23:30,0.786,1.3,4.753,6.165,90,26.5
1/26/2017 0:00,0.87,1.34,5.221,6.46,123,26.5
1/26/2017 0:30,0.854,1.31,5.128,7.268,74,26.5
1/26/2017 1:00,0.86,1.54,5.19,7.391,84,26.45
1/26/2017 1:30,0.849,1.36,5.231,7.506,88,26.4
1/26/2017 2:00,0.815,1.29,5.335,7.317,87,26.4
1/26/2017 2:30,0.816,1.36,5.095,7.292,91,26.35
1/26/2017 3:00,0.811,1.49,5.26,7.017,91,26.35
1/26/2017 3:30,0.831,1.3,5.412,7.228,108,26.3
1/26/2017 4:00,0.813,1.43,5.297,9.734,94,26.25
1/26/2017 4:30,0.805,1.48,5.207,7.471,90,26.25
1/26/2017 5:00,0.84,1.58,5.26,6.774,90,26.25
1/26/2017 5:30,0.827,1.61,5.115,9.774,102,26.2
1/26/2017 6:00,0.87,1.44,5.348,9.737,116,26.2
1/26/2017 6:30,0.86,1.78,5.4,7.042,90,26.2
1/26/2017 7:00,0.878,1.71,5.357,6.746,85,26.2
1/26/2017 7:30,0.912,1.42,5.563,7.277,84,26.2
1/26/2017 8:00,0.895,1.41,5.37,7.516,91,26.25
1/26/2017 8:30,0.856,1.53,5.351,6.789,101,26.45
1/26/2017 9:00,0.903,1.5,5.539,7.024,90,26.65
1/26/2017 9:30,0.845,1.4,5.525,6.555,87,27
1/26/2017 10:00,0.889,1.51,5.427,7.487,92,27.15
1/26/2017 10:30,0.897,1.52,5.506,6.376,95,27
1/26/2017 11:00,0.874,1.79,5.457,7.654,84,27
1/26/2017 11:30,0.885,1.79,5.45,7.102,85,27.1
1/26/2017 12:00,0.865,1.47,5.484,6.952,94,27
1/26/2017 12:30,0.798,1.31,5.234,8.137,88,26.9
1/26/2017 13:00,0.924,1.84,5.321,6.805,78,26.85
1/26/2017 13:30,0.852,1.27,4.775,7.269,92,26.8
1/26/2017 14:00,0.859,1.5,5.05,6.558,85,26.85
1/26/2017 14:30,0.844,1.37,5.084,6.786,85,26.85
1/26/2017 15:00,0.879,1.36,4.924,7.169,95,26.85
1/26/2017 15:30,0.874,1.35,4.739,8.911,87,26.9
1/26/2017 16:00,0.856,1.75,4.626,6.79,98,26.85
1/26/2017 16:30,0.9,1.56,4.761,7.061,90,26.8
1/26/2017 17:00,0.864,1.52,4.722,7.307,77,26.8
1/26/2017 17:30,0.89,1.42,4.938,8.128,92,26.75
1/26/2017 18:00,0.903,1.6,4.551,6.906,75,26.65
1/26/2017 18:30,0.862,1.52,4.923,7.074,83,26.6
1/26/2017 19:00,0.89,1.7,4.586,6.821,80,26.55
1/26/2017 19:30,0.878,1.65,4.476,7.816,84,26.5
1/26/2017 20:00,0.883,1.33,4.825,5.946,87,26.45
1/26/2017 20:30,0.854,1.89,4.449,7.487,71,26.45
1/26/2017 21:00,0.835,1.49,4.562,6.753,73,26.45
1/26/2017 21:30,0.843,1.38,4.772,7.583,73,26.5
1/26/2017 22:00,0.831,1.26,4.734,7.085,75,26.5
1/26/2017 22:30,0.773,1.22,4.465,7.334,98,26.5
1/26/2017 23:00,0.767,1.16,4.836,7.05,90,26.5
1/26/2017 23:30,0.771,1.23,4.819,7.033,99,26.5
1/27/2017 0:00,0.777,1.56,4.818,6.821,91,26.5
1/27/2017 0:30,0.757,1.35,4.837,7.052,97,26.5
1/27/2017 1:00,0.746,1.07,4.923,7.053,85,26.5
1/27/2017 1:30,0.72,1.06,4.675,7.554,91,26.45
1/27/2017 2:00,0.722,1.11,4.941,8.874,88,26.5
1/27/2017 2:30,0.714,1.11,4.874,8.07,95,26.45
1/27/2017 3:00,0.714,1.25,4.969,7.844,88,26.45
1/27/2017 3:30,0.717,1.21,5.12,6.981,91,26.45
1/27/2017 4:00,0.716,1.24,5.14,8.861,85,26.45
1/27/2017 4:30,0.785,1.49,5.44,7.286,99,26.45
1/27/2017 5:00,0.735,1.23,5.18,7.813,85,26.45
1/27/2017 5:30,0.714,1.33,5.189,6.573,91,26.45
1/27/2017 6:00,0.751,1.15,5.475,7.279,77,26.45
1/27/2017 6:30,0.771,1.34,5.395,6.804,84,26.45
1/27/2017 7:00,0.725,1.26,5.519,7.225,77,26.4
1/27/2017 7:30,0.704,1.19,5.372,8.18,85,26.4
1/27/2017 8:00,0.727,1.19,5.574,6.792,97,26.45
1/27/2017 8:30,0.739,1.2,5.634,6.984,81,26.45
1/27/2017 9:00,0.744,1.19,5.826,7.15,81,26.4
1/27/2017 9:30,0.74,1.34,5.53,6.6,83,26.45
1/27/2017 10:00,0.806,1.45,6.083,7.3,83,26.45
1/27/2017 10:30,0.724,1.23,5.509,7.593,84,26.45
1/27/2017 11:00,0.726,1.36,5.688,7.02,90,26.5
1/27/2017 11:30,0.753,1.36,5.592,7.522,85,26.55
1/27/2017 12:00,0.777,1.28,5.524,7.266,84,26.55
1/27/2017 12:30,0.802,1.35,5.414,6.838,92,26.6
1/27/2017 13:00,0.791,1.21,5.72,7.232,91,26.55
1/27/2017 13:30,0.784,1.24,5.576,7.277,94,26.6
1/27/2017 14:00,0.808,1.3,5.366,7.039,84,26.6
1/27/2017 14:30,0.732,1.24,4.861,7.44,92,26.55
1/27/2017 15:00,0.747,1.18,5.08,6.892,84,26.55
1/27/2017 15:30,0.694,1.14,5.022,7.002,77,26.45
1/27/2017 16:00,0.718,1.32,4.917,7.514,80,26.45
1/27/2017 16:30,0.747,1.27,5.123,6.793,87,26.45
1/27/2017 17:00,0.713,1.16,4.979,6.344,81,26.45
1/27/2017 17:30,0.711,1.12,5.216,7.556,81,26.45
1/27/2017 18:00,0.691,1.24,5.007,6.343,78,26.5
1/27/2017 18:30,0.695,1.32,5.142,6.803,77,26.45
1/27/2017 19:00,0.737,1.19,5.289,6.943,90,26.45
1/27/2017 19:30,0.76,1.23,5.445,7.262,78,26.5
1/27/2017 20:00,0.736,1.24,5.554,7.492,77,26.55
1/27/2017 20:30,0.737,1.22,5.683,7.604,98,26.6
1/27/2017 21:00,0.725,1.4,5.788,6.342,92,26.6
1/27/2017 21:30,0.726,1.19,5.54,6.933,85,26.65
1/27/2017 22:00,0.718,1.21,5.283,6.17,74,26.7
1/27/2017 22:30,0.738,1.18,4.989,7.098,81,26.7
1/27/2017 23:00,0.717,1.38,4.831,6.769,88,26.7
1/27/2017 23:30,0.712,1.18,4.847,6.791,111,26.7
1/28/2017 0:00,0.736,1.16,4.934,7.041,92,26.65
1/28/2017 0:30,0.697,1.13,4.751,6.137,106,26.6
1/28/2017 1:00,0.731,1.27,4.536,7.256,78,26.55
1/28/2017 1:30,0.752,1.54,4.732,6.895,90,26.6
1/28/2017 2:00,0.722,1.47,4.768,6.94,91,26.6
1/28/2017 2:30,0.709,1.11,4.982,7.234,98,26.6
1/28/2017 3:00,0.74,1.25,5.058,9.216,85,26.6
1/28/2017 3:30,0.747,1.29,4.746,6.369,85,26.6
1/28/2017 4:00,0.758,1.32,4.757,7.031,84,26.6
1/28/2017 4:30,0.717,1.22,4.639,9.276,75,26.55
1/28/2017 5:00,0.724,1.2,4.711,7.043,90,26.55
1/28/2017 5:30,0.805,1.47,4.933,6.796,90,26.55
1/28/2017 6:00,0.776,1.38,4.854,6.594,88,26.55
1/28/2017 6:30,0.787,1.37,4.631,7.827,85,26.55
1/28/2017 7:00,0.779,1.19,4.796,4.107,80,26.5
1/28/2017 7:30,0.766,1.63,5.083,7.497,102,26.6
1/28/2017 8:00,0.767,1.1,4.865,4.045,99,26.7
1/28/2017 8:30,0.713,1.23,4.926,6.718,98,26.85
1/28/2017 9:00,0.771,1.36,5.077,6.99,102,26.85
1/28/2017 9:30,0.775,1.4,5.22,7.163,99,27
1/28/2017 10:00,0.8,1.28,5.248,6.335,101,27.15
1/28/2017 10:30,0.796,1.2,5.32,9.259,97,27.35
1/28/2017 11:00,0.788,1.25,4.993,7.002,88,27.15
1/28/2017 11:30,0.797,1.52,4.649,6.592,111,27.1
1/28/2017 12:00,0.798,1.47,5.014,7.558,112,27.3
1/28/2017 12:30,0.775,1.31,4.953,7.587,128,27.55
1/28/2017 13:00,0.826,1.25,5.211,5.534,116,27.75
1/28/2017 13:30,0.789,1.2,5.071,6.144,129,27.85
1/28/2017 14:00,0.764,1.21,5.186,6.72,104,27.85
1/28/2017 14:30,0.798,1.3,5.064,6.194,92,27.7
1/28/2017 15:00,0.775,1.31,4.926,6.554,132,27.65
1/28/2017 15:30,0.768,1.31,4.871,6.35,101,27.45
1/28/2017 16:00,0.815,1.35,4.717,6.474,88,27.35
1/28/2017 16:30,0.767,1.49,4.642,5.821,102,27.35
1/28/2017 17:00,0.782,1.42,4.658,5.8,102,27.3
1/28/2017 17:30,0.765,1.58,4.625,6.489,98,27.25
1/28/2017 18:00,0.804,1.3,4.437,5.661,97,27.2
1/28/2017 18:30,0.75,1.33,4.265,6.343,126,27.15
1/28/2017 19:00,0.699,1.14,4.328,4.596,88,27.1
1/28/2017 19:30,0.727,1.19,4.782,7.004,94,27.05
1/28/2017 20:00,0.719,1.2,4.515,5.356,125,27
1/28/2017 20:30,0.726,1.35,4.529,5.47,101,26.95
1/28/2017 21:00,0.75,1.15,4.736,5.184,80,26.95
1/28/2017 21:30,0.716,1.16,4.403,4.389,106,26.9
1/28/2017 22:00,0.774,1.45,4.413,6.563,80,26.85
1/28/2017 22:30,0.766,1.16,4.398,5.485,128,26.8
1/28/2017 23:00,0.736,1.46,4.596,12.026,109,26.8
1/28/2017 23:30,0.797,1.54,4.549,12.608,118,26.75
1/29/2017 0:00,0.798,1.21,4.927,12.892,130,26.75
1/29/2017 0:30,0.816,1.18,5.024,12.156,126,26.75
1/29/2017 1:00,0.804,1.35,4.662,12.03,126,26.75
1/29/2017 1:30,0.817,1.32,4.671,5.224,128,26.75
1/29/2017 2:00,0.827,1.34,5.006,11.468,77,26.75
1/29/2017 2:30,0.861,1.41,5.217,11.773,139,26.75
1/29/2017 3:00,0.852,1.33,5.047,11.558,130,26.75
1/29/2017 3:30,0.834,1.33,4.887,11.563,135,26.75
1/29/2017 4:00,0.812,1.33,4.679,12.015,129,26.75
1/29/2017 4:30,0.85,1.43,4.764,12.196,144,26.75
1/29/2017 5:00,0.806,1.43,4.823,11.618,129,26.75
1/29/2017 5:30,0.84,1.53,4.74,11.502,136,26.75
1/29/2017 6:00,0.848,1.5,5.061,11.41,133,26.7
1/29/2017 6:30,0.855,1.26,5.329,11.275,120,26.7
1/29/2017 7:00,0.875,1.68,5.097,11.378,130,26.7
1/29/2017 7:30,0.871,1.42,5.046,10.368,130,26.65
1/29/2017 8:00,0.889,1.37,5.197,11.35,122,26.65
1/29/2017 8:30,0.878,1.58,5.383,11.395,132,26.65
1/29/2017 9:00,0.856,1.46,4.979,11.906,128,26.7
1/29/2017 9:30,0.896,1.62,5.276,11.207,87,26.7
1/29/2017 10:00,0.916,1.79,5.281,6.022,119,26.75
1/29/2017 10:30,0.878,1.52,5.034,6.573,87,26.8
1/29/2017 11:00,0.883,1.57,5.077,5.682,92,26.85
1/29/2017 11:30,0.871,1.36,5.054,5.838,84,26.9
1/29/2017 12:00,0.894,1.37,4.813,5.834,80,26.95
1/29/2017 12:30,0.895,1.43,4.822,5.648,87,27
1/29/2017 13:00,0.928,1.45,4.923,6.343,85,27
1/29/2017 13:30,0.887,1.82,4.887,6.215,92,27
1/29/2017 14:00,0.953,1.66,4.914,5.968,85,27
1/29/2017 14:30,0.968,1.69,4.882,7.254,105,27.05
1/29/2017 15:00,0.968,1.53,5.101,6.797,102,27.05
1/29/2017 15:30,0.957,1.71,4.688,6.166,88,27.05
1/29/2017 16:00,0.977,1.78,4.835,6.151,99,27.1
1/29/2017 16:30,1.025,1.83,4.945,6.334,91,27.1
1/29/2017 17:00,1.046,1.86,4.916,6.322,94,27.1
1/29/2017 17:30,1.031,1.62,4.904,6.024,91,27.05
1/29/2017 18:00,1.01,1.88,5.047,6.777,92,27.05
1/29/2017 18:30,1.098,2.08,5.044,6.15,83,27
1/29/2017 19:00,1.08,1.7,5.097,5.967,88,27
1/29/2017 19:30,1.084,1.83,5.241,6.584,95,27
1/29/2017 20:00,1.07,1.77,4.921,6.786,81,26.95
1/29/2017 20:30,1.099,2.04,5.006,6.249,81,26.95
1/29/2017 21:00,1.116,1.73,4.993,6.745,92,26.95
1/29/2017 21:30,1.144,2.09,5.029,6.967,83,26.95
1/29/2017 22:00,1.109,1.86,5.026,6.976,90,26.9
1/29/2017 22:30,1.075,2.05,5.113,7.287,77,26.85
1/29/2017 23:00,1.127,1.83,5.053,6.781,85,26.85
1/29/2017 23:30,1.102,1.95,4.999,6.538,85,26.8
1/30/2017 0:00,1.111,2.06,4.894,6.214,84,26.75
1/30/2017 0:30,1.106,1.79,4.872,7.075,95,26.7
1/30/2017 1:00,1.166,1.85,5.075,6.198,91,26.65
1/30/2017 1:30,1.179,1.94,4.905,6.842,83,26.65
1/30/2017 2:00,1.145,1.86,4.888,6.397,88,26.6
1/30/2017 2:30,1.055,1.85,4.772,6.454,83,26.6
1/30/2017 3:00,1.168,1.95,4.967,7.043,84,26.6
1/30/2017 3:30,1.114,1.66,4.832,6.786,88,26.6
1/30/2017 4:00,1.103,1.83,4.964,6.817,78,26.6
1/30/2017 4:30,1.179,2.14,4.923,7.181,85,26.6
1/30/2017 5:00,1.273,2.17,5.324,6.777,90,26.6
1/30/2017 5:30,1.167,2.04,4.955,6.586,74,26.6
1/30/2017 6:00,1.173,1.92,5.189,5.988,80,26.65
1/30/2017 6:30,1.208,1.73,5.168,7.017,77,26.65
1/30/2017 7:00,1.201,2.04,5.13,6.806,87,26.65
1/30/2017 7:30,1.19,2.27,5.239,7.012,80,26.7
1/30/2017 8:00,1.147,1.82,5.261,6.554,83,26.7
1/30/2017 8:30,1.13,1.71,5.078,7.004,80,26.75
1/30/2017 9:00,1.061,1.97,5.314,5.482,78,26.75
1/30/2017 9:30,1.076,1.77,5.182,6.823,90,26.85
1/30/2017 10:00,1.11,1.84,5.216,7.537,84,26.85
1/30/2017 10:30,1.14,1.86,5.181,6.954,77,26.95
1/30/2017 11:00,1.09,1.81,5.224,6.572,80,27
1/30/2017 11:30,1.114,1.71,5.306,7.201,81,27.05
1/30/2017 12:00,1.137,2.24,5.401,6.576,74,27.1
1/30/2017 12:30,1.101,2.62,5.409,7.185,84,27.1
1/30/2017 13:00,1.129,1.7,5.533,7.217,80,27.15
1/30/2017 13:30,1.104,1.93,5.468,6.804,78,27.2
1/30/2017 14:00,1.04,1.81,5.297,6.987,83,27.25
1/30/2017 14:30,1.043,1.92,5.41,7.051,78,27.3
1/30/2017 15:00,1.061,1.7,5.533,7.097,84,27.35
1/30/2017 15:30,1.119,1.67,5.558,6.309,71,27.35
1/30/2017 16:00,1.028,1.88,5.237,7.743,77,27.3
1/30/2017 16:30,1.049,1.8,5.422,7.555,78,27.3
1/30/2017 17:00,1.043,2.01,5.571,7.001,84,27.25
1/30/2017 17:30,1.041,1.79,5.471,7.283,83,27.2
1/30/2017 18:00,1.056,1.72,5.382,7.034,81,27.2
1/30/2017 18:30,1.069,1.96,5.466,7.486,84,27.15
1/30/2017 19:00,1.092,1.73,5.617,6.938,74,27.15
1/30/2017 19:30,1.074,2,5.308,7.08,78,27.1
1/30/2017 20:00,1.075,1.84,5.393,7.289,80,27.1
1/30/2017 20:30,1.081,1.63,5.306,7.083,75,27.05
1/30/2017 21:00,1.117,1.69,5.286,7.008,77,27
1/30/2017 21:30,1.106,1.61,5.426,8.132,81,27
1/30/2017 22:00,1.034,1.72,5.021,7.494,78,27
1/30/2017 22:30,1.122,1.75,5.346,7.372,77,26.95
1/30/2017 23:00,1.055,1.8,5.104,7.544,78,26.95
1/30/2017 23:30,1.056,1.82,5.223,7.565,85,26.95
1/31/2017 0:00,1.03,1.73,5.044,8.104,85,26.95
1/31/2017 0:30,1.141,1.98,5.3,7.257,81,26.95
1/31/2017 1:00,1.07,1.77,5.429,8.07,80,26.95
1/31/2017 1:30,0.988,1.68,5.22,7.735,87,26.95
1/31/2017 2:00,1.009,1.83,5.187,7.978,85,26.9
1/31/2017 2:30,1.097,1.7,5.349,7.608,83,26.9
1/31/2017 3:00,1.016,1.61,5.159,7.318,81,26.9
1/31/2017 3:30,1.084,1.99,5.32,7.86,78,26.9
1/31/2017 4:00,1.062,1.9,5.08,7.038,87,26.9
1/31/2017 4:30,1.073,2.06,5.418,6.85,81,26.9
1/31/2017 5:00,1.054,1.47,5.422,8.138,80,26.9
1/31/2017 5:30,1.086,1.99,5.292,7.246,83,26.9
1/31/2017 6:00,1.144,1.86,5.711,7.335,81,26.9
1/31/2017 6:30,1.116,1.91,5.473,7.804,78,26.9
1/31/2017 7:00,1.049,1.66,5.253,6.902,74,26.85
1/31/2017 7:30,1.058,1.9,5.242,7.025,73,26.9
1/31/2017 8:00,1.154,1.97,5.436,7.279,77,26.95
1/31/2017 8:30,1.099,1.87,5.316,7.434,77,27
1/31/2017 9:00,1.108,1.71,5.269,7.887,85,27.15
1/31/2017 9:30,0.999,1.49,5.381,7.112,78,27.35
1/31/2017 10:00,1.145,1.95,5.627,8.117,88,27.6
1/31/2017 10:30,1.07,1.62,5.69,8.136,74,27.75
1/31/2017 11:00,1.14,2,5.602,7.025,77,27.7
1/31/2017 11:30,1.152,2.04,5.547,7.636,77,27.75
1/31/2017 12:00,1.101,2.31,5.487,7.38,70,27.8
1/31/2017 12:30,1.025,1.57,5.407,8.118,80,27.7
1/31/2017 13:00,1.141,2.11,5.54,7.968,75,27.55
1/31/2017 13:30,1.021,1.76,5.063,8.162,77,27.55
1/31/2017 14:00,1.068,1.96,4.977,7.836,78,27.45
1/31/2017 14:30,1.143,1.88,5.372,8.107,73,27.45
1/31/2017 15:00,1.132,1.83,5.363,7.829,75,27.4
1/31/2017 15:30,1.083,1.75,5.142,7.849,75,27.4
1/31/2017 16:00,1.07,1.7,4.952,7.617,75,27.4
1/31/2017 16:30,1.111,2.09,5.024,7.588,78,27.4
1/31/2017 17:00,1.083,1.65,5.037,6.392,78,27.35
1/31/2017 17:30,1.152,1.93,4.893,7.215,87,27.35
1/31/2017 18:00,1.115,2.04,4.935,7.514,73,27.3
1/31/2017 18:30,1.156,1.93,4.885,7.336,77,27.25
1/31/2017 19:00,1.171,1.78,4.94,7.058,78,27.2
1/31/2017 19:30,1.132,1.82,4.886,7.269,74,27.2
1/31/2017 20:00,1.241,1.95,5.27,7.414,73,27.15
1/31/2017 20:30,1.215,2.6,4.958,7.06,77,27.15
1/31/2017 21:00,1.188,1.81,5.259,6.938,78,27.1
1/31/2017 21:30,1.205,1.92,5.152,7.793,73,27.1
1/31/2017 22:00,1.243,2.17,5.097,7.578,77,27.1
1/31/2017 22:30,1.194,2.06,5,7.527,78,27.1
1/31/2017 23:00,1.202,2.43,5.095,7.439,87,27.1
1/31/2017 23:30,1.193,1.9,5.161,7.389,77,27.05
02/01/2017 00:00,1.157,2.42,5.256,7.555,87,27
02/01/2017 00:30,1.114,1.74,5.157,7.762,83,27
02/01/2017 01:00,1.143,2.11,5.137,7.661,88,27
02/01/2017 01:30,1.092,1.84,5.125,7.581,87,27
02/01/2017 02:00,1.128,1.99,5.423,7.775,88,27
02/01/2017 02:30,1.14,2.18,5.715,7.852,84,27
02/01/2017 03:00,1.126,2.12,5.581,7.672,84,27
02/01/2017 03:30,1.144,1.71,5.743,8.11,84,27
02/01/2017 04:00,1.096,1.52,5.837,7.855,81,27.05
02/01/2017 04:30,1.156,2.01,5.681,7.591,80,27.05
02/01/2017 05:00,1.02,2.03,5.825,7.75,81,27
02/01/2017 05:30,1.039,1.92,5.603,7.841,81,27.05
02/01/2017 06:00,1.094,1.78,5.825,7.563,83,27
02/01/2017 06:30,1.121,1.88,5.958,7.744,83,27.05
02/01/2017 07:00,1.139,1.8,6.139,7.321,81,27.15
02/01/2017 07:30,1.102,1.68,6.159,7.518,75,27.2
02/01/2017 08:00,1.078,1.81,6.103,7.806,77,27.2
02/01/2017 08:30,1.137,2.14,6.208,7.497,81,27.25
02/01/2017 09:00,1.024,1.89,5.886,7.833,77,27.3
02/01/2017 09:30,1.041,1.61,5.934,7.303,83,27.35
02/01/2017 10:00,1.032,1.57,6.353,7.829,81,27.4
02/01/2017 10:30,1.083,1.96,6.051,8.09,77,27.45
02/01/2017 11:00,1.101,1.77,6.387,8.456,80,27.5
02/01/2017 11:30,1.124,2.01,6.257,7.773,91,27.55
02/01/2017 12:00,1.05,1.87,5.564,7.751,90,27.55
02/01/2017 12:30,1.026,1.51,5.664,8.343,85,27.55
02/01/2017 13:00,1.075,2.1,5.717,8.19,95,27.55
02/01/2017 13:30,1.08,2.27,5.256,7.325,91,27.55
02/01/2017 14:00,1.012,1.91,5.018,8.411,90,27.55
02/01/2017 14:30,1.09,1.77,4.969,8.436,92,27.5
02/01/2017 15:00,1.026,1.83,4.92,8.122,92,27.45
02/01/2017 15:30,1.14,1.66,5.514,8.226,84,27.4
02/01/2017 16:00,1.145,1.77,5.096,8.112,88,27.4
02/01/2017 16:30,1.094,2.04,5.001,7.976,88,27.35
02/01/2017 17:00,1.066,1.95,4.877,8.158,84,27.3
02/01/2017 17:30,1.072,1.99,4.809,7.304,92,27.3
02/01/2017 18:00,1.107,2.11,4.7,7.948,90,27.2
02/01/2017 18:30,1.211,2.02,4.846,8.115,90,27.2
02/01/2017 19:00,1.127,1.69,4.48,8.138,98,27.2
02/01/2017 19:30,1.076,1.74,4.465,7.522,90,27.2
02/01/2017 20:00,1.155,2.33,4.783,7.316,92,27.15
02/01/2017 20:30,1.108,1.93,4.494,7.799,91,27.15
02/01/2017 21:00,1.104,1.89,4.732,7.826,95,27.15
02/01/2017 21:30,1.073,1.72,4.531,7.246,90,27.15
02/01/2017 22:00,1.12,1.56,4.639,7.339,88,27.1
02/01/2017 22:30,1.163,1.81,4.638,7.836,85,27.15
02/01/2017 23:00,1.117,1.85,4.543,7.772,90,27.1
02/01/2017 23:30,1.116,2,4.663,7.819,98,27.05
02/02/2017 00:00,1.102,1.7,4.66,7.572,97,27
02/02/2017 00:30,1.049,1.91,4.501,7.499,98,26.95
02/02/2017 01:00,1.02,1.7,4.528,8.053,91,26.9
02/02/2017 01:30,1.03,1.76,4.398,4.932,94,26.9
02/02/2017 02:00,0.989,1.75,4.55,7.341,85,26.85
02/02/2017 02:30,0.943,1.62,4.552,7.561,92,26.85
02/02/2017 03:00,1.044,1.65,4.923,7.53,84,26.85
02/02/2017 03:30,1.018,1.5,4.986,7.112,85,26.8
02/02/2017 04:00,0.987,1.69,5.054,7.714,85,26.8
02/02/2017 04:30,0.981,1.86,4.863,7.009,90,26.75
02/02/2017 05:00,0.968,1.62,4.988,7.228,88,26.75
02/02/2017 05:30,0.941,1.45,4.882,7.091,88,26.85
02/02/2017 06:00,0.943,1.77,5.166,7.285,88,27
02/02/2017 06:30,0.933,1.57,5.182,7.275,92,27
02/02/2017 07:00,1.001,1.43,5.414,7.094,88,27.1
02/02/2017 07:30,1.036,1.88,5.512,7.546,88,27.1
02/02/2017 08:00,0.997,1.59,5.306,7.289,83,27.1
02/02/2017 08:30,0.871,1.48,4.828,7.515,81,27.05
02/02/2017 09:00,-99.9,-99.9,-99.9,-99.9,-99.9,-99.9
02/02/2017 09:30,0.914,2.02,5.126,6.824,83,27.2
02/02/2017 10:00,0.898,1.3,4.934,6.79,87,27.2
02/02/2017 10:30,0.953,1.43,5.143,7.824,99,27.3
02/02/2017 11:00,0.912,1.56,5.097,7.216,88,27.35
02/02/2017 11:30,0.951,1.82,4.917,7.005,91,27.4
02/02/2017 12:00,0.922,2.07,4.469,7.097,91,27.4
02/02/2017 12:30,1.003,1.81,4.579,7.263,91,27.4
02/02/2017 13:00,0.965,1.501,4.43,7.566,85,27.45
02/02/2017 13:30,0.995,1.5,4.238,7.313,85,27.45
02/02/2017 14:00,0.993,1.63,4.316,7.559,85,27.45
02/02/2017 14:30,0.988,1.81,4.337,7.548,87,27.55
02/02/2017 15:00,1.03,1.82,4.272,7.52,71,27.5
02/02/2017 15:30,1.038,1.94,4.311,7.029,81,27.5
02/02/2017 16:00,0.979,1.48,4.133,7.461,75,27.45
02/02/2017 16:30,1.041,1.702,4.42,7.478,75,27.4
02/02/2017 17:00,1.053,1.87,4.242,7.325,78,27.35
02/02/2017 17:30,1,1.58,4.099,3.817,92,27.3
02/02/2017 18:00,1.062,2.098,4.063,4.196,25,27.25
02/02/2017 18:30,1.067,2.33,4.142,7.291,84,27.25
02/02/2017 19:00,1.103,1.76,4.182,7.262,33,27.2
02/02/2017 19:30,1.13,2.25,4.205,7.044,83,27.15
02/02/2017 20:00,1.065,1.931,4.265,7.224,77,27.1
02/02/2017 20:30,1.06,1.79,4.101,4.605,78,27.1
02/02/2017 21:00,1.011,1.61,4.109,7.061,43,27.05
02/02/2017 21:30,1.029,1.8,4.212,4.393,78,27
02/02/2017 22:00,1.009,1.8,4.123,5.183,68,27.05
02/02/2017 22:30,1.026,1.66,4.124,4.402,61,27.05
02/02/2017 23:00,0.976,1.56,4.235,6.969,47,26.95
02/02/2017 23:30,1.012,1.72,4.543,4.934,74,26.95
02/03/2017 00:00,1.028,1.9,4.604,7.027,63,26.95
02/03/2017 00:30,0.954,1.48,4.617,6.784,73,26.9
02/03/2017 01:00,0.967,1.81,4.744,6.796,74,26.85
02/03/2017 01:30,0.901,1.9,4.769,6.836,71,26.85
02/03/2017 02:00,0.873,1.54,4.815,7.262,71,26.8
02/03/2017 02:30,0.863,1.51,4.833,7.065,74,26.7
02/03/2017 03:00,0.925,1.67,4.976,6.552,78,26.6
02/03/2017 03:30,0.881,1.33,5.282,7.312,71,26.55
02/03/2017 04:00,0.865,1.41,5.07,6.532,71,26.5
02/03/2017 04:30,0.891,1.6,5.133,6.806,75,26.45
02/03/2017 05:00,0.854,1.46,4.723,7.265,67,26.35
02/03/2017 05:30,0.835,1.35,5.003,7.254,71,26.3
02/03/2017 06:00,0.85,1.41,5.053,6.3,70,26.25
02/03/2017 06:30,0.784,1.14,4.813,6.593,68,26.15
02/03/2017 07:00,0.838,1.49,5.17,6.359,68,26.1
02/03/2017 07:30,0.791,1.38,5.052,6.784,68,26.15
02/03/2017 08:00,0.82,1.25,5.044,7.311,74,26.25
02/03/2017 08:30,0.771,1.2,5.094,9.323,75,26.4
02/03/2017 09:00,0.791,1.22,5.123,7.216,74,26.6
02/03/2017 09:30,0.757,1.2,5.152,6.623,77,26.75
02/03/2017 10:00,0.76,1.4,5.267,6.36,70,26.75
02/03/2017 10:30,0.782,1.26,5.168,6.636,77,26.85
02/03/2017 11:00,0.785,1.36,5.254,6.337,71,26.95
02/03/2017 11:30,0.768,1.18,5.398,9.235,83,27.1
02/03/2017 12:00,0.772,1.23,5.126,6.348,85,27.1
02/03/2017 12:30,0.768,1.24,5.12,7.805,77,27.15
02/03/2017 13:00,0.844,1.34,5.141,7.209,81,27.1
02/03/2017 13:30,0.773,1.25,4.806,9.18,83,27.15
02/03/2017 14:00,0.799,1.39,4.877,6.387,78,27.15
02/03/2017 14:30,0.795,1.31,4.874,7.223,74,27.1
02/03/2017 15:00,0.83,1.39,5.015,7.291,80,27.15
02/03/2017 15:30,0.825,1.38,4.93,8.916,112,27.05
02/03/2017 16:00,0.755,1.26,4.731,8.515,80,27
02/03/2017 16:30,0.83,1.74,5.034,7.711,95,27
02/03/2017 17:00,0.794,1.51,4.779,8.242,90,26.95
02/03/2017 17:30,0.809,1.4,4.623,7.284,99,26.95
02/03/2017 18:00,0.788,1.21,4.621,7.003,80,26.9
02/03/2017 18:30,0.835,1.34,4.726,6.997,77,26.9
02/03/2017 19:00,0.854,1.37,4.821,6.579,64,26.85
02/03/2017 19:30,0.827,1.2,4.453,7.006,67,26.85
02/03/2017 20:00,0.826,1.57,4.536,7.261,80,26.8
02/03/2017 20:30,0.786,1.35,4.366,6.389,88,26.8
02/03/2017 21:00,0.834,1.38,4.677,7.778,71,26.75
02/03/2017 21:30,0.804,1.5,4.606,7.076,80,26.8
02/03/2017 22:00,0.858,1.3,4.631,9.228,78,26.75
02/03/2017 22:30,0.902,1.75,4.786,6.575,77,26.75
02/03/2017 23:00,0.875,1.47,4.864,7.912,80,26.7
02/03/2017 23:30,0.878,1.46,4.6,6.771,97,26.7
02/04/2017 00:00,0.871,1.55,4.779,8.848,98,26.7
02/04/2017 00:30,0.843,1.32,4.835,6.004,101,26.65
02/04/2017 01:00,0.881,1.4,4.918,7.883,77,26.65
02/04/2017 01:30,0.839,1.5,4.821,8.844,97,26.65
02/04/2017 02:00,0.892,1.64,4.911,7.28,71,26.65
02/04/2017 02:30,0.861,1.57,4.949,8.437,84,26.6
02/04/2017 03:00,0.882,1.5,4.898,8.146,95,26.6
02/04/2017 03:30,0.853,1.74,4.779,8.81,97,26.6
02/04/2017 04:00,0.874,1.42,4.927,7.346,94,26.6
02/04/2017 04:30,0.806,1.35,4.89,8.171,94,26.55
02/04/2017 05:00,0.83,1.27,5.195,8.509,101,26.55
02/04/2017 05:30,0.784,1.23,5.159,8.393,74,26.5
02/04/2017 06:00,0.804,1.46,5.077,7.348,99,26.5
02/04/2017 06:30,0.733,1.37,5.009,8.56,85,26.45
02/04/2017 07:00,0.756,1.27,4.854,7.489,75,26.45
02/04/2017 07:30,0.776,1.25,5.45,8.121,77,26.45
02/04/2017 08:00,0.776,1.47,5.119,8.334,84,26.45
02/04/2017 08:30,0.793,1.38,5.475,8.418,92,26.5
02/04/2017 09:00,0.751,1.16,5.402,7.886,81,26.65
02/04/2017 09:30,0.786,1.34,5.396,8.89,85,26.95
02/04/2017 10:00,0.786,1.42,5.247,6.785,95,27.05
02/04/2017 10:30,0.767,1.31,5.314,6.202,78,27.1
02/04/2017 11:00,0.819,1.49,5.359,7.019,67,27.25
02/04/2017 11:30,0.789,1.31,5.286,8.841,78,27.35
02/04/2017 12:00,0.82,1.47,5.507,8.232,91,27.5
02/04/2017 12:30,0.895,1.34,5.507,7.814,84,27.7
02/04/2017 13:00,0.828,1.19,5.448,8.127,90,27.9
02/04/2017 13:30,0.899,1.29,5.707,7.954,84,28.15
02/04/2017 14:00,0.858,1.27,5.387,8.172,90,28.1
02/04/2017 14:30,0.868,1.73,5.487,7.541,91,27.9
02/04/2017 15:00,0.905,1.44,5.664,7.023,90,27.7
02/04/2017 15:30,0.889,1.78,5.524,8.615,84,27.8
02/04/2017 16:00,0.915,1.57,5.483,8.762,106,27.8
02/04/2017 16:30,0.885,1.7,5.223,8.83,71,27.8
02/04/2017 17:00,0.869,1.37,5.209,7.571,105,27.7
02/04/2017 17:30,0.924,1.58,5.252,8.851,71,27.5
02/04/2017 18:00,0.887,1.55,4.821,7.474,102,27.35
02/04/2017 18:30,0.925,1.41,4.989,7.885,92,27.15
02/04/2017 19:00,0.954,1.45,5.166,8.253,83,27
02/04/2017 19:30,0.962,1.41,4.939,6.819,92,26.85
02/04/2017 20:00,0.969,1.68,4.989,7.281,84,26.8
02/04/2017 20:30,0.927,1.46,4.863,8.769,78,26.75
02/04/2017 21:00,0.929,1.41,4.875,7.575,73,26.7
02/04/2017 21:30,0.962,1.63,4.819,8.767,94,26.65
02/04/2017 22:00,0.997,1.55,4.877,7.272,75,26.55
02/04/2017 22:30,0.967,1.75,4.957,7.255,87,26.55
02/04/2017 23:00,0.998,1.8,4.924,7.498,78,26.55
02/04/2017 23:30,0.976,1.55,4.972,8.093,77,26.6
02/05/2017 00:00,0.972,1.71,4.885,7.331,78,26.65
02/05/2017 00:30,1.004,1.49,4.792,8.142,77,26.85
02/05/2017 01:00,1.078,1.83,5.067,7.026,71,26.75
02/05/2017 01:30,1.08,1.79,4.886,6.778,85,26.75
02/05/2017 02:00,0.968,1.66,5.054,6.846,67,26.75
02/05/2017 02:30,1.059,1.85,5.256,7.796,66,26.75
02/05/2017 03:00,1.064,1.74,5.214,8.619,78,26.75
02/05/2017 03:30,1.065,1.72,5.158,7.844,78,26.95
02/05/2017 04:00,1.07,1.82,5.308,7.82,68,27.3
02/05/2017 04:30,1.058,1.95,5.357,7.198,75,27.3
02/05/2017 05:00,1.09,1.75,5.533,8.325,78,27.2
02/05/2017 05:30,1.027,2.07,5.687,7.828,85,27.2
02/05/2017 06:00,1.064,1.98,5.624,7.82,83,27.2
02/05/2017 06:30,1.127,1.84,5.973,8.207,73,27.25
02/05/2017 07:00,1.084,2.01,5.598,7.076,84,27.3
02/05/2017 07:30,1.024,1.89,5.8,6.8,75,27.25
02/05/2017 08:00,1.066,1.72,5.787,7.273,73,27.35
02/05/2017 08:30,1.071,1.75,6.017,7.489,71,27.3
02/05/2017 09:00,1.127,1.8,5.501,8.29,74,27.4
02/05/2017 09:30,1.038,1.76,5.742,7.863,73,27.65
02/05/2017 10:00,1.062,2.13,6,7.985,81,27.7
02/05/2017 10:30,1.093,2.05,5.774,8.823,74,28.05
02/05/2017 11:00,1.052,1.62,5.93,7.789,87,28.45
02/05/2017 11:30,1.056,1.69,5.806,8.44,77,28.5
02/05/2017 12:00,1.094,1.7,5.922,7.774,97,28.45
02/05/2017 12:30,0.979,1.63,5.601,7.274,80,28.45
02/05/2017 13:00,1.021,1.5,5.907,8.071,73,28.5
02/05/2017 13:30,1.015,1.88,5.836,7.997,95,28.4
02/05/2017 14:00,1.043,1.92,5.777,8.154,85,28.2
02/05/2017 14:30,1.023,1.86,5.689,7.29,88,28.05
02/05/2017 15:00,1.066,1.72,5.57,8.474,94,28
02/05/2017 15:30,1.043,1.64,5.719,7.357,91,28
02/05/2017 16:00,1.025,1.5,5.523,8.873,71,27.75
02/05/2017 16:30,1.03,1.64,5.598,7.411,91,27.75
02/05/2017 17:00,0.991,1.63,5.288,7.369,77,27.75
02/05/2017 17:30,1.111,1.69,5.749,8.52,80,27.7
02/05/2017 18:00,1.022,1.76,5.491,7.835,70,27.6
02/05/2017 18:30,1.126,1.75,5.613,8.542,77,27.55
02/05/2017 19:00,1.053,2.19,5.663,6.534,71,27.5
02/05/2017 19:30,1.022,1.69,5.492,7.014,68,27.4
02/05/2017 20:00,1.083,2.09,5.435,8.132,73,27.35
02/05/2017 20:30,1.083,1.93,5.594,7.585,87,27.4
02/05/2017 21:00,1.042,1.73,5.143,7.336,75,27.35
02/05/2017 21:30,1.16,1.91,5.383,8.138,66,27.25
02/05/2017 22:00,1.135,1.71,5.704,7.663,81,27.25
02/05/2017 22:30,1.084,1.86,5.579,7.103,71,27.15
02/05/2017 23:00,1.06,1.97,5.231,7.582,74,27.15
02/05/2017 23:30,1.102,2.17,5.201,6.531,70,27.15
02/06/2017 00:00,1.131,2,5.462,7.904,70,27.15
02/06/2017 00:30,1.099,1.81,5.385,7.543,78,27.15
02/06/2017 01:00,1.097,1.72,5.27,7.199,71,27.15
02/06/2017 01:30,1.108,1.75,5.26,7.805,68,27.1
02/06/2017 02:00,1.16,1.87,5.485,6.885,80,27.1
02/06/2017 02:30,1.162,2.3,5.231,7.655,-99.9,-99.9
02/06/2017 03:00,1.098,1.75,5.164,6.865,85,27.05
02/06/2017 03:30,1.055,1.7,5.081,6.821,83,27.05
02/06/2017 04:00,1.132,1.94,5.228,7.029,77,27
02/06/2017 04:30,1.145,2.05,5.247,7.81,78,27
02/06/2017 05:00,1.096,1.69,5.561,7.165,78,27
02/06/2017 05:30,1.136,1.83,5.755,7.136,73,27
02/06/2017 06:00,1.075,1.56,5.678,8.512,78,27
02/06/2017 06:30,1.119,1.89,5.808,7.883,91,26.95
02/06/2017 07:00,1.088,1.87,5.486,7.311,81,26.9
02/06/2017 07:30,1.123,1.83,5.81,7.024,70,26.9
02/06/2017 08:00,1.069,1.88,5.629,7.119,75,26.95
02/06/2017 08:30,1.073,1.72,6.002,7.303,74,26.95
02/06/2017 09:00,0.993,1.75,5.551,8.145,74,27
02/06/2017 09:30,1.061,1.97,5.601,7.363,83,27.05
02/06/2017 10:00,1.104,2.15,5.664,7.585,85,27.1
02/06/2017 10:30,1.08,1.92,5.263,7.338,78,27.15
02/06/2017 11:00,1.039,1.73,5.687,7.523,84,27.25
02/06/2017 11:30,1.067,1.8,5.669,7.02,74,27.3
02/06/2017 12:00,1.129,1.74,5.915,7.527,78,27.5
02/06/2017 12:30,1.113,1.84,5.735,7.265,80,27.7
02/06/2017 13:00,1.07,1.85,5.575,6.978,74,27.75
02/06/2017 13:30,1.12,1.81,5.75,7.006,87,27.85
02/06/2017 14:00,1.093,2.21,5.492,9.417,78,27.7
02/06/2017 14:30,1.203,2.13,6.188,7.291,81,27.65
02/06/2017 15:00,1.056,1.71,6.028,7.496,84,27.65
02/06/2017 15:30,1.044,1.81,5.683,6.83,84,27.7
02/06/2017 16:00,1.094,1.76,5.955,8.88,77,27.65
02/06/2017 16:30,1.123,1.74,5.988,8.571,81,27.6
02/06/2017 17:00,1.15,2.22,5.859,8.099,80,27.45
02/06/2017 17:30,1.13,2.3,5.916,7.39,75,27.45
02/06/2017 18:00,1.103,1.59,5.928,8.241,74,27.35
02/06/2017 18:30,1.11,1.59,6.061,7.07,87,27.3
02/06/2017 19:00,1.084,1.87,5.873,7.833,63,27.2
02/06/2017 19:30,1.073,1.75,5.487,7.67,73,27.15
02/06/2017 20:00,1.109,2.04,6.069,8.81,71,27.1
02/06/2017 20:30,1.181,1.81,6.003,7.536,80,27.1
02/06/2017 21:00,1.144,1.89,6.163,7.386,81,27
02/06/2017 21:30,1.172,1.94,5.903,6.995,70,27
02/06/2017 22:00,1.164,1.88,5.937,8.487,77,27
02/06/2017 22:30,1.119,2.09,5.958,8.095,78,26.95
02/06/2017 23:00,1.278,2.11,6.099,8.255,73,26.95
02/06/2017 23:30,1.232,1.87,6.312,7.57,84,26.9
02/07/2017 00:00,1.248,2.5,5.904,7.638,77,26.85
02/07/2017 00:30,1.22,2.09,5.748,8.048,73,26.8
02/07/2017 01:00,1.243,2.51,6.103,8.551,70,26.8
02/07/2017 01:30,1.262,2.25,6.026,7.701,77,26.75
02/07/2017 02:00,1.418,2.42,6.222,7.816,80,26.75
02/07/2017 02:30,1.348,3.08,6.027,7.294,77,26.7
02/07/2017 03:00,1.345,2.81,5.964,8.193,84,26.7
02/07/2017 03:30,1.32,2.32,5.907,7.288,78,26.65
02/07/2017 04:00,1.276,2.12,5.64,7.834,83,26.65
02/07/2017 04:30,1.262,2.34,5.792,7.652,80,26.6
02/07/2017 05:00,1.264,1.993,5.934,8.121,90,26.6
02/07/2017 05:30,1.185,1.95,5.913,7.257,90,26.6
02/07/2017 06:00,1.228,1.95,5.847,7.845,75,26.55
02/07/2017 06:30,1.215,1.75,5.87,9.169,83,26.55
02/07/2017 07:00,1.282,1.92,5.778,8.235,92,26.55
02/07/2017 07:30,1.18,1.88,5.459,9.358,84,26.6
02/07/2017 08:00,1.182,1.92,5.563,6.784,78,26.6
02/07/2017 08:30,1.176,1.84,5.698,9.308,85,26.65
02/07/2017 09:00,1.259,2.15,5.733,7.958,84,26.65
02/07/2017 09:30,1.151,1.91,5.407,6.908,84,26.75
02/07/2017 10:00,-99.9,-99.9,-99.9,-99.9,-99.9,-99.9
02/07/2017 10:30,1.287,2.306,5.747,8.875,78,26.9
02/07/2017 11:00,1.215,2.12,5.735,7.583,81,27.15
02/07/2017 11:30,1.232,2.04,5.621,7.242,78,27.3
02/07/2017 12:00,1.101,1.8,5.549,8.225,75,27.3
02/07/2017 12:30,1.202,2.57,5.771,8.134,85,27.4
02/07/2017 13:00,1.228,2.13,5.65,8.155,75,27.5
02/07/2017 13:30,1.172,2.18,5.996,7.56,74,27.55
02/07/2017 14:00,1.236,2.03,6.011,7.72,77,27.5
02/07/2017 14:30,1.154,2.1,5.666,8.374,71,27.55
02/07/2017 15:00,1.223,2.12,5.452,7.276,91,27.5
02/07/2017 15:30,1.212,2.15,5.658,7.328,73,27.5
02/07/2017 16:00,1.186,1.92,5.672,8.249,85,27.5
02/07/2017 16:30,1.237,1.98,5.673,8.141,78,27.45
02/07/2017 17:00,1.248,2.41,5.555,7.634,75,27.4
02/07/2017 17:30,1.258,2.44,5.505,7.907,74,27.4
02/07/2017 18:00,1.216,2.03,5.2,8.427,68,27.4
02/07/2017 18:30,1.246,2.12,5.335,8.902,77,27.45
02/07/2017 19:00,1.355,2.09,5.604,8.567,78,27.25
02/07/2017 19:30,1.425,2.02,5.428,8.539,80,27.2
02/07/2017 20:00,1.333,2.17,5.312,7.554,78,27.1
02/07/2017 20:30,1.481,2.17,5.328,8.891,80,27.1
02/07/2017 21:00,1.448,2.42,5.138,7.815,75,27.05
02/07/2017 21:30,1.489,2.21,5.155,8.589,74,27.05
02/07/2017 22:00,1.526,2.49,5.218,8.846,78,27.05
02/07/2017 22:30,1.496,2.49,4.982,4.936,88,27.1
02/07/2017 23:00,1.612,2.55,5.549,8.598,88,27.1
02/07/2017 23:30,1.6,2.735,5.312,5.666,84,27.1
02/08/2017 00:00,1.65,3.35,4.963,5.298,83,27.05
02/08/2017 00:30,1.619,2.79,5.257,8.443,105,27
02/08/2017 01:00,1.684,2.75,5.227,8.168,80,27.15
02/08/2017 01:30,1.589,2.57,5.219,7.016,85,27.25
02/08/2017 02:00,1.634,2.71,5.157,8.462,88,27.4
02/08/2017 02:30,1.67,2.76,5.255,5.794,84,27.45
02/08/2017 03:00,1.643,2.76,5.368,7.242,70,27.45
02/08/2017 03:30,1.809,3.01,5.154,6.008,81,27.35
02/08/2017 04:00,1.879,2.74,5.491,6.171,101,27.25
02/08/2017 04:30,1.849,3.19,5.467,6.767,104,27.15
02/08/2017 05:00,1.888,3.79,5.281,6.736,91,27.1
02/08/2017 05:30,2.004,3.531,5.477,5.957,101,27.05
02/08/2017 06:00,1.991,3.01,5.324,7.754,92,26.95
02/08/2017 06:30,2.055,3.746,5.537,6.731,94,26.95
02/08/2017 07:00,2.14,3.49,5.558,7.011,91,26.9
02/08/2017 07:30,2.062,3.96,5.791,6.964,94,26.95
02/08/2017 08:00,2.028,3.1,5.767,7.055,97,26.9
02/08/2017 08:30,1.977,3.31,5.328,7.319,85,26.85
02/08/2017 09:00,2.129,4.02,5.405,6.348,97,26.85
02/08/2017 09:30,2.216,3.7,5.895,8.159,83,26.85
02/08/2017 10:00,2.348,3.53,6.064,7.632,84,26.85
02/08/2017 10:30,2.22,3.848,5.902,7.043,87,26.85
02/08/2017 11:00,2.212,3.47,5.614,7.072,94,26.85
02/08/2017 11:30,2.256,4.38,5.829,7.514,91,26.9
02/08/2017 12:00,2.175,4.031,5.635,7.741,90,26.95
02/08/2017 12:30,2.352,4.16,5.817,7.334,94,27
02/08/2017 13:00,2.195,4.14,5.632,7.563,94,27
02/08/2017 13:30,2.231,3.63,5.716,7.441,88,27.05
02/08/2017 14:00,2.129,3.91,5.721,7.79,97,27.05
02/08/2017 14:30,2.162,3.86,5.688,6.82,92,27.1
02/08/2017 15:00,2.201,3.52,5.769,7.76,97,27.15
02/08/2017 15:30,2.229,3.51,5.795,7.91,102,27.15
02/08/2017 16:00,2.118,3.74,5.929,7.947,94,27.2
02/08/2017 16:30,2.187,3.8,5.775,7.629,102,27.2
02/08/2017 17:00,2.417,3.8,5.944,8.886,102,27.2
02/08/2017 17:30,2.321,4.234,5.856,8.461,98,27.2
02/08/2017 18:00,2.141,3.62,5.653,7.807,101,27.2
02/08/2017 18:30,2.214,4.227,5.573,7.622,95,27.2
02/08/2017 19:00,2.211,3.487,5.72,7.92,95,27.2
02/08/2017 19:30,2.273,4.28,5.49,7.932,113,27.2
02/08/2017 20:00,2.244,3.48,5.924,8.116,102,27.2
02/08/2017 20:30,2.367,3.62,5.885,7.597,92,27.15
02/08/2017 21:00,2.44,4.58,5.855,7.392,87,27.15
02/08/2017 21:30,2.541,4.712,5.766,8.509,91,27.15
02/08/2017 22:00,2.343,3.625,5.83,7.639,94,27.15
02/08/2017 22:30,2.538,4.07,5.967,8.331,95,27.1
02/08/2017 23:00,2.575,4.29,6.329,7.405,97,27.1
02/08/2017 23:30,2.466,3.89,6.01,7.292,99,27.1
02/09/2017 00:00,2.314,3.8,6.096,7.867,104,27.1
02/09/2017 00:30,2.388,3.58,6.303,7.848,97,27.1
02/09/2017 01:00,2.297,4.66,5.95,8.864,95,27.1
02/09/2017 01:30,2.165,4.05,5.787,7.569,98,27.1
02/09/2017 02:00,2.278,4.04,5.856,7.545,105,27.15
02/09/2017 02:30,2.307,3.68,5.99,8.529,94,27.15
02/09/2017 03:00,2.419,3.8,6.26,7.867,87,27.15
02/09/2017 03:30,2.347,4,6.373,8.549,95,27.1
02/09/2017 04:00,2.407,3.85,6.122,8.498,97,27.1
02/09/2017 04:30,2.239,3.4,6.073,7.634,101,27.1
02/09/2017 05:00,2.217,3.54,5.915,8.234,108,27.1
02/09/2017 05:30,2.298,3.93,5.983,8.27,85,27.1
02/09/2017 06:00,2.257,3.95,6.272,8.862,87,27.1
02/09/2017 06:30,2.056,3.42,5.903,8.432,87,27.1
02/09/2017 07:00,2.051,4.45,6.053,7.893,95,27.1
02/09/2017 07:30,2.211,3.83,6.392,8.92,88,27.1
02/09/2017 08:00,2.128,3.936,5.97,9.366,88,27.15
02/09/2017 08:30,2.229,3.42,6.35,8.265,92,27.15
02/09/2017 09:00,2.179,3.28,6.22,9.37,88,27.15
02/09/2017 09:30,2.118,3.34,5.996,8.201,78,27.15
02/09/2017 10:00,2.182,3.63,6.209,7.818,80,27.15
02/09/2017 10:30,2.292,3.91,6.364,9.662,87,27.2
02/09/2017 11:00,2.408,3.94,6.625,8.922,81,27.2
02/09/2017 11:30,2.245,3.91,6.226,9.323,91,27.2
02/09/2017 12:00,2.164,3.53,6.22,9.37,83,27.25
02/09/2017 12:30,2.186,3.41,6.326,8.834,81,27.3
02/09/2017 13:00,2.284,3.27,6.363,9.194,80,27.3
02/09/2017 13:30,1.967,3.65,6.093,8.937,88,27.35
02/09/2017 14:00,2.287,3.86,6.509,8.942,85,27.35
02/09/2017 14:30,2.079,3.76,5.945,9.565,87,27.35
02/09/2017 15:00,2.102,3.24,6.157,9.281,84,27.4
02/09/2017 15:30,2.154,3.54,6.202,9.801,84,27.4
02/09/2017 16:00,2.216,3.7,6.477,9.339,84,27.4
02/09/2017 16:30,1.974,3.71,6.384,10.216,85,27.4
02/09/2017 17:00,2.175,4.35,6.283,9.242,80,27.4
02/09/2017 17:30,2.089,4,6.522,9.287,90,27.35
02/09/2017 18:00,2.03,3.66,6.502,10.126,90,27.3
02/09/2017 18:30,1.945,4.2,6.262,10.202,90,27.35
02/09/2017 19:00,1.91,2.75,6.416,8.378,92,27.3
02/09/2017 19:30,1.89,2.94,6.558,9.719,83,27.25
02/09/2017 20:00,1.987,3.41,6.696,10.43,91,27.25
02/09/2017 20:30,2.018,3.35,6.693,9.756,88,27.25
02/09/2017 21:00,1.918,3.36,6.381,9.676,90,27.25
02/09/2017 21:30,1.914,2.74,6.719,10.782,87,27.25
02/09/2017 22:00,1.918,2.96,6.614,10.452,78,27.25
02/09/2017 22:30,1.988,3.27,7.112,9.441,87,27.2
02/09/2017 23:00,1.803,3.24,6.814,9.359,80,27.2
02/09/2017 23:30,1.829,2.97,6.889,9.503,83,27.2
02/10/2017 00:00,2.003,3.252,6.977,10.773,83,27.2
02/10/2017 00:30,2.072,3.17,7.393,10.344,83,27.2
02/10/2017 01:00,1.964,3.87,6.793,9.783,85,27.15
02/10/2017 01:30,1.837,3.53,6.643,9.735,87,27.15
02/10/2017 02:00,2.058,3.03,7.033,9.904,91,27.15
02/10/2017 02:30,2.024,3.25,7.11,10.267,90,27.15
02/10/2017 03:00,2.067,3.26,7.262,9.598,84,27.15
02/10/2017 03:30,2.031,3.12,7.041,9.699,85,27.15
02/10/2017 04:00,2.32,3.83,7.325,10.799,90,27.1
02/10/2017 04:30,2.143,3.91,7.056,9.827,106,27.1
02/10/2017 05:00,2.001,3.18,6.844,10.231,98,27.1
02/10/2017 05:30,2.245,3.94,7.774,10.307,92,27.1
02/10/2017 06:00,2.402,3.58,7.557,9.373,90,27.1
02/10/2017 06:30,2.277,4.1,7.356,10.243,101,27.1
02/10/2017 07:00,2.376,4.05,7.755,10.2,111,27.15
02/10/2017 07:30,2.242,3.75,7.776,10.258,106,27.15
02/10/2017 08:00,2.208,3.9,7.202,9.812,101,27.15
02/10/2017 08:30,2.336,3.27,7.663,9.514,104,27.2
02/10/2017 09:00,2.338,4.38,7.376,9.829,108,27.2
02/10/2017 09:30,2.359,3.26,7.785,9.782,99,27.3
02/10/2017 10:00,2.066,3.72,7.168,9.386,95,27.35
02/10/2017 10:30,2.318,4.28,7.707,10.204,80,27.45
02/10/2017 11:00,2.247,4.4,7.653,11.372,99,27.55
02/10/2017 11:30,2.474,3.76,7.941,10.825,84,27.65
02/10/2017 12:00,2.06,3.39,7.444,9.292,94,27.75
02/10/2017 12:30,2.274,4.28,8.007,10.338,94,27.85
02/10/2017 13:00,2.133,3.39,7.597,11.352,90,27.9
02/10/2017 13:30,2.068,3.33,7.594,10.237,91,27.95
02/10/2017 14:00,2.095,3.83,7.409,9.799,90,27.95
02/10/2017 14:30,2.174,3.84,7.424,10.318,88,27.9
02/10/2017 15:00,2.108,3.46,7.304,9.836,97,27.85
02/10/2017 15:30,1.859,2.97,7.185,10.193,97,27.85
02/10/2017 16:00,1.892,3.12,7.156,9.796,92,27.85
02/10/2017 16:30,2.074,2.95,7.616,10.963,88,27.8
02/10/2017 17:00,2.064,3.5,7.042,10.823,98,27.8
02/10/2017 17:30,1.996,3.58,6.996,9.492,92,27.75
02/10/2017 18:00,1.931,2.82,6.585,10.197,91,27.7
02/10/2017 18:30,1.9,2.91,6.821,10.754,95,27.65
02/10/2017 19:00,1.981,3.6,7.076,10.225,92,27.6
02/10/2017 19:30,2.107,3.24,7.176,10.606,90,27.6
02/10/2017 20:00,2.007,2.8,7.015,11.167,90,27.55
02/10/2017 20:30,1.934,3.2,7.126,10.414,91,27.55
02/10/2017 21:00,1.981,2.92,7.208,10.31,88,27.5
02/10/2017 21:30,1.935,2.81,7.129,11.356,92,27.5
02/10/2017 22:00,2.001,3.54,7.49,10.387,85,27.5
02/10/2017 22:30,1.702,3.16,6.804,10.74,88,27.5
02/10/2017 23:00,1.949,3.14,7.145,10.753,84,27.45
02/10/2017 23:30,1.934,3.16,7.122,10.829,94,27.45
02/11/2017 00:00,1.981,3.1,7.458,10.837,92,27.45
02/11/2017 00:30,1.868,3.53,7.256,11.591,85,27.4
02/11/2017 01:00,1.991,3.09,7.691,10.965,90,27.4
02/11/2017 01:30,2.059,3.2,7.61,11.177,88,27.4
02/11/2017 02:00,2.13,3.66,7.755,11.286,88,27.4
02/11/2017 02:30,1.978,3.36,7.367,10.974,88,27.35
02/11/2017 03:00,2.042,3.41,7.58,10.466,90,27.35
02/11/2017 03:30,2.124,3.5,7.519,10.838,88,27.35
02/11/2017 04:00,2.26,3.38,7.795,10.97,90,27.3
02/11/2017 04:30,2.016,3.99,7.528,11.135,91,27.35
02/11/2017 05:00,1.977,2.96,7.496,10.158,90,27.3
02/11/2017 05:30,2.067,3.61,7.546,10.625,91,27.3
02/11/2017 06:00,1.77,2.67,7.444,8.833,90,27.25
02/11/2017 06:30,1.841,3.19,7.331,9.806,97,27.25
02/11/2017 07:00,1.785,3.17,7.286,10.794,87,27.3
02/11/2017 07:30,1.694,2.48,7.391,10.756,90,27.3
02/11/2017 08:00,1.699,2.85,7.042,10.878,85,27.35
02/11/2017 08:30,1.841,3.03,7.474,10.906,81,27.4
02/11/2017 09:00,1.947,3.33,7.943,10.782,78,27.45
02/11/2017 09:30,1.67,2.66,7.658,9.84,94,27.55
02/11/2017 10:00,1.725,3.84,7.938,11.351,91,27.7
02/11/2017 10:30,1.642,3.15,7.417,10.828,92,27.7
02/11/2017 11:00,1.752,2.59,7.864,10.859,88,27.85
02/11/2017 11:30,1.816,2.9,8.027,9.923,88,27.9
02/11/2017 12:00,1.653,2.88,7.33,10.7,94,27.95
02/11/2017 12:30,1.74,2.98,7.486,10.622,92,27.95
02/11/2017 13:00,1.575,2.61,6.869,10.367,92,27.95
02/11/2017 13:30,1.754,2.62,7.226,10.873,94,28
02/11/2017 14:00,1.837,3.56,7.285,10.795,91,28.05
02/11/2017 14:30,1.813,3.26,7.059,10.769,94,28.05
02/11/2017 15:00,1.594,2.56,6.569,10.531,94,28
