vis,truePercent,reportedPercent,error
Tree Map,37,25,3.599912842
Tree Map,75.67567568,50,4.689336943
Stacked Bar Chart,92,100,3.022367813
Pie Chart,73.68421053,75,0.526859546
Stacked Bar Chart,48.88888889,25,4.585797152
Tree Map,63.51351351,80,4.054109274
Stacked Bar Chart,89.28571429,90,-0.25276607
Tree Map,20,15,2.357552005
Tree Map,90.36144578,65,4.671658291
Pie Chart,82.69230769,90,2.893884886
Stacked Bar Chart,93.33333333,100,2.763765654
Tree Map,100,100,0
Pie Chart,14.89361702,10,2.327289856
Stacked Bar Chart,59.57446809,50,3.277905633
Stacked Bar Chart,78.26086957,80,0.89850281
Tree Map,52.63157895,35,4.150281748
Pie Chart,43.75,30,3.794415866
Pie Chart,39.28571429,25,3.849069941
Tree Map,71.42857143,95,4.566597733
Pie Chart,76.92307692,100,4.536172482
Pie Chart,93.61702128,100,2.702209534
Stacked Bar Chart,98.14814815,25,6.195212697
Stacked Bar Chart,41.37931034,35,2.701396095
Tree Map,32,40,3.022367813
Pie Chart,32.94117647,100,6.070041999
Pie Chart,40.84507042,35,2.57774795
Stacked Bar Chart,38.88888889,25,3.808785458
Pie Chart,54.44444444,60,2.506032031
Tree Map,40.6779661,25,3.982123462
Stacked Bar Chart,30.1369863,25,2.395607493
Tree Map,35,33,1.087462841
Tree Map,56.96202532,66,3.195816033
Stacked Bar Chart,31.25,25,2.672425342
Pie Chart,43.1372549,50,2.804826982
Stacked Bar Chart,96.59090909,100,1.821339151
Tree Map,32.78688525,25,2.984021501
Tree Map,96.66666667,80,4.069673528
Pie Chart,56.14035088,50,2.647395307
Tree Map,70.83333333,80,3.215937399
Stacked Bar Chart,27.16049383,25,1.192505922
Stacked Bar Chart,37.5,33,2.209453366
Pie Chart,50.53763441,33,4.142628634
Tree Map,52,33,4.257387843
Stacked Bar Chart,53.33333333,66,3.677132345
Pie Chart,25.77319588,25,-0.154897996
Tree Map,58.58585859,50,3.122814925
Pie Chart,15.18987342,20,2.303087089
Stacked Bar Chart,61.9047619,60,1.021310506
Stacked Bar Chart,55.88235294,50,2.586729427
Pie Chart,76.92307692,100,4.536172482
Stacked Bar Chart,75,80,2.357552005
Tree Map,14.92537313,17,1.137258813
Pie Chart,91.86046512,100,3.046933629
Pie Chart,76.92307692,75,1.034269902
Stacked Bar Chart,50.52631579,50,-0.618570893
Pie Chart,96.7032967,100,1.774714666
Tree Map,25.28735632,20,2.436256822
Tree Map,95.08196721,100,2.334291605
Pie Chart,69.73684211,80,3.376867942
Stacked Bar Chart,64.21052632,75,3.448170658
Stacked Bar Chart,89.28571429,65,4.609442606
Tree Map,19.60784314,25,2.463924999
Tree Map,69.56521739,90,4.361753105
Tree Map,56.12244898,33,4.539000508
Tree Map,49.39759036,33,4.046367981
Pie Chart,26.26262626,20,2.675279904
Stacked Bar Chart,53.62318841,40,3.781169623
Stacked Bar Chart,86.17021277,80,2.654255139
Stacked Bar Chart,82.60869565,70,3.670579283
Tree Map,39.53488372,33,2.735496989
Pie Chart,94,80,3.820178962
Pie Chart,52,50,1.087462841
Pie Chart,75,75,-3
Tree Map,58.33333333,70,3.559695742
Pie Chart,82.35294118,100,4.151538917
Pie Chart,92.70833333,100,2.89077093
Pie Chart,48.14814815,50,0.983204757
Pie Chart,16,20,2.044394119
Pie Chart,49.18032787,50,-0.082114397
Tree Map,77.46478873,70,2.924059728
Tree Map,32,24,3.022367813
Pie Chart,31.50684932,50,4.218637874
Stacked Bar Chart,71.57894737,80,3.095258202
Stacked Bar Chart,33.89830508,25,3.173655965
Stacked Bar Chart,50,40,3.339850003
Stacked Bar Chart,60.60606061,66,2.464391043
Stacked Bar Chart,50.60240964,33,4.147909837
Tree Map,90,100,3.339850003
Stacked Bar Chart,66.21621622,60,2.664759569
Tree Map,49.33333333,50,-0.337034987
Pie Chart,27.05882353,28,0.092446249
Tree Map,76,37,5.290018847
Stacked Bar Chart,89.18918919,97,2.988377632
Tree Map,15.11627907,10,2.389918927
Tree Map,64,66,1.087462841
Stacked Bar Chart,45.88235294,40,2.586729427
Tree Map,76.92307692,80,1.678938649
Stacked Bar Chart,40.69767442,43,1.279367633
Stacked Bar Chart,71.60493827,77,2.4646844
Pie Chart,72.72727273,62,3.439925304
Stacked Bar Chart,54.65116279,50,2.25585201
Stacked Bar Chart,80.51948052,72,3.111779269
Pie Chart,70.76923077,90,4.274691739
Tree Map,60.81081081,65,2.109089444
Tree Map,52.54237288,60,2.922697779
Pie Chart,31,33,1.087462841
Tree Map,53.01204819,43,3.34156571
Pie Chart,42.5,30,3.658211483
Pie Chart,22.68041237,13,3.293578305
Stacked Bar Chart,34.69387755,27,2.966961514
Pie Chart,84.84848485,95,3.361279213
Tree Map,54.54545455,35,4.297958391
Tree Map,78.37837838,66,3.644246055
Stacked Bar Chart,20.40816327,20,-0.907350712
Tree Map,23.80952381,25,0.395585137
Stacked Bar Chart,31.95876289,30,1.059191121
Pie Chart,31.25,37,2.554588852
Stacked Bar Chart,78.72340426,85,2.678431575
Pie Chart,88.7755102,100,3.504555539
Pie Chart,48.80952381,50,0.395585137
Pie Chart,73.80952381,90,4.02816919
Tree Map,94,90,2.044394119
Tree Map,84.61538462,100,3.955091005
Tree Map,35.9375,25,3.46760555
Stacked Bar Chart,76.66666667,75,0.841302254
Tree Map,52.57731959,30,4.504767806
Pie Chart,35.48387097,30,2.487710394
Pie Chart,77.94117647,70,3.011884969
Pie Chart,89.55223881,65,4.625109072
Tree Map,83.56164384,85,0.644646491
Pie Chart,32.58426966,20,3.667809223
Stacked Bar Chart,60.6741573,60,-0.323448589
Pie Chart,72.54901961,60,3.663802248
Pie Chart,62.88659794,60,1.590529177
Tree Map,75,60,3.918863237
Stacked Bar Chart,15.87301587,15,-0.002865334
Tree Map,85,100,3.918863237
Pie Chart,62.06896552,60,1.133540851
Pie Chart,30.76923077,25,2.559303546
Pie Chart,58.69565217,50,3.140885328
Tree Map,43.01075269,40,1.648811781
Tree Map,20.27027027,15,2.431695232
Stacked Bar Chart,62.16216216,60,1.193558658
Stacked Bar Chart,24.09638554,20,2.077716598
Tree Map,83.92857143,90,2.631436931
Stacked Bar Chart,64.93506494,65,-2.396421821
Stacked Bar Chart,56.94444444,55,1.049243519
Stacked Bar Chart,79.48717949,70,3.264863588
Stacked Bar Chart,81.08108108,60,4.406406128
Stacked Bar Chart,82.14285714,80,1.181329765
Pie Chart,86.44067797,70,4.050125343
Tree Map,100,100,0
Tree Map,96.77419355,90,2.786427734
Tree Map,89.18918919,100,3.450988285
Stacked Bar Chart,22.85714286,20,1.57634937
Stacked Bar Chart,38,30,3.022367813
Tree Map,38.70967742,40,0.50113091
Stacked Bar Chart,80.41237113,90,3.279861835
Tree Map,82.14285714,80,1.181329765
Pie Chart,90.81632653,90,-0.087232838
Stacked Bar Chart,68.83116883,80,3.497463065
Pie Chart,90.14084507,95,2.317348914
Pie Chart,43.85964912,50,2.647395307
Pie Chart,89.33333333,100,3.431845787
Tree Map,48.88888889,50,0.30580843
Tree Map,57.14285714,65,2.996776099
Pie Chart,69.76744186,50,4.314148477
Pie Chart,84.09090909,90,2.593136432
Stacked Bar Chart,25,25,0
Pie Chart,27.11864407,15,3.613961105
Stacked Bar Chart,38.88888889,33,2.588298213
Pie Chart,77.52808989,80,1.376796078
Pie Chart,96.15384615,100,1.989558253
Tree Map,97.72727273,100,1.26166757
Stacked Bar Chart,40.625,40,-0.415037499
Tree Map,69.6969697,70,-1.224215157
Stacked Bar Chart,30.6122449,25,2.520358102
Stacked Bar Chart,95.18072289,100,2.305759603
Tree Map,36.95652174,25,3.594730277
Stacked Bar Chart,40.81632653,33,2.989380017
Pie Chart,50,38,3.599912842
Stacked Bar Chart,96.90721649,100,1.686067264
Stacked Bar Chart,96.96969697,96,0.130531563
Pie Chart,56.16438356,55,0.366681496
Pie Chart,54.76190476,56,0.446886365
Tree Map,20.3125,20,-1.192645078
Stacked Bar Chart,68.36734694,60,3.086163311
Pie Chart,50,50,0
Stacked Bar Chart,69.76744186,67,1.532287961
Tree Map,64.64646465,87,4.490476131
Pie Chart,68,67,0.169925001
Stacked Bar Chart,59.57446809,52,2.944758781
Tree Map,35.06493506,27,3.033852013
Tree Map,10.86956522,9,0.996074297
Tree Map,75,35,5.326429487
Tree Map,70.40816327,72,0.77975285
Tree Map,44.11764706,38,2.642157902
Stacked Bar Chart,45.55555556,45,-0.555215157
Stacked Bar Chart,52.63157895,50,1.46287892
Stacked Bar Chart,28.26086957,27,0.470791481
Tree Map,58.62068966,33,4.686259011
Pie Chart,22.72727273,25,1.26166757
Tree Map,70,55,3.918863237
Stacked Bar Chart,58.82352941,48,3.452665197
Pie Chart,27.90697674,27,0.04541046
Stacked Bar Chart,68.75,60,3.14974712
Tree Map,87,90,1.64385619
Pie Chart,86.25,66,4.348728154
Pie Chart,45.28301887,47,0.881258284
Pie Chart,50,50,0
Pie Chart,73.73737374,80,2.675279904
Stacked Bar Chart,87.5,80,2.930737338
Pie Chart,43.15789474,37,2.651429409
Pie Chart,70.21276596,70,-1.565904165
Pie Chart,75,85,3.339850003
Stacked Bar Chart,33.33333333,33,-1.125530882
Tree Map,48.95833333,42,2.824428435
Stacked Bar Chart,39.3442623,40,-0.35709015
Stacked Bar Chart,21.34831461,17,2.161344226
Pie Chart,55.12820513,45,3.358003058
Tree Map,34.02061856,30,2.051587378
Pie Chart,53.44827586,45,3.099846566
Stacked Bar Chart,36.11111111,33,1.694261143
Pie Chart,33.33333333,25,3.080373416
Stacked Bar Chart,46.77419355,40,2.786427734
Tree Map,50.50505051,45,2.493147864
Stacked Bar Chart,96.42857143,100,1.886132035
Tree Map,19.19191919,20,-0.099926066
Pie Chart,25.80645161,18,2.987584932
Tree Map,95.65217391,100,2.161186664
Pie Chart,96.96969697,100,1.657778566
Pie Chart,96.90721649,90,2.813979486
Stacked Bar Chart,51.42857143,46,2.473415848
Stacked Bar Chart,85.71428571,80,2.545791903
Tree Map,70.10309278,48,4.474312262
Tree Map,57.40740741,55,1.340509521
Stacked Bar Chart,65.88235294,60,2.586729427
Tree Map,70.3125,65,2.442943496
Tree Map,16.66666667,14,1.48112669
Tree Map,29.6875,17,3.6794801
Tree Map,25.51020408,20,2.494467859
Tree Map,35.71428571,33,1.505528033
Stacked Bar Chart,95,10,6.411510988
Stacked Bar Chart,13.58024691,15,0.627376256
Tree Map,75.30864198,50,4.668666159
Pie Chart,24,33,3.189824559
Pie Chart,38.02816901,33,2.365459911
Tree Map,58.46153846,50,3.102076647
Pie Chart,54,50,2.044394119
Tree Map,52.54237288,50,1.415419518
Stacked Bar Chart,30.3030303,33,1.496702496
Pie Chart,78.57142857,75,1.886132035
Pie Chart,45.45454545,50,2.223562965
Stacked Bar Chart,59.09090909,50,3.204126486
Tree Map,82.71604938,75,2.971046746
Stacked Bar Chart,87.09677419,75,3.611381826
Pie Chart,12.64367816,10,1.46919736
Pie Chart,88.04347826,75,3.719016733
Stacked Bar Chart,51.11111111,30,4.40844769
Tree Map,60.31746032,50,3.384389756
Stacked Bar Chart,13.18681319,5,3.055163229
Tree Map,51.76470588,33,4.239528334
Stacked Bar Chart,60.60606061,50,3.423720767
Pie Chart,91.30434783,100,3.140885328
Stacked Bar Chart,44.44444444,50,2.506032031
Pie Chart,55.40540541,50,2.467385241
Stacked Bar Chart,28,33,2.357552005
Tree Map,35.16483516,33,1.195243749
Pie Chart,72.91666667,50,4.52617317
Tree Map,39.77272727,33,2.786121088
Pie Chart,38.94736842,10,4.861576702
Pie Chart,37.70491803,30,2.968997205
Tree Map,54.54545455,40,3.874841667
Tree Map,94.68085106,90,2.264791939
Tree Map,67.85714286,80,3.616811367
Pie Chart,55.68181818,55,-0.309684499
Stacked Bar Chart,46.66666667,50,1.790076931
Tree Map,17.24137931,15,1.242681344
Pie Chart,46.15384615,40,2.650499463
Stacked Bar Chart,77.5,80,1.392317423
Tree Map,94.93670886,80,3.912813558
Tree Map,88.23529412,90,0.918161708
Pie Chart,67.6056338,60,2.9505867
Pie Chart,28.76712329,10,4.23971295
Pie Chart,80,100,4.330916878
Stacked Bar Chart,45.28301887,25,4.351064233
Tree Map,44.59459459,30,3.879666032
Pie Chart,28.39506173,20,3.090863883
Tree Map,16.66666667,15,0.841302254
Pie Chart,27.77777778,10,4.162111547
Tree Map,58.13953488,40,4.19097311
Stacked Bar Chart,57.37704918,50,2.907284721
Pie Chart,43.90243902,30,3.810179736
Stacked Bar Chart,36.47058824,30,2.721501334
Tree Map,96.59090909,90,2.747582702
Stacked Bar Chart,80.72289157,80,-0.238048319
Stacked Bar Chart,100,100,0
Stacked Bar Chart,50,45,2.357552005
Stacked Bar Chart,59.72222222,60,-1.311944006
Stacked Bar Chart,94.87179487,95,-1.981621471
Stacked Bar Chart,38.98305085,30,3.187142346
Pie Chart,60.24096386,50,3.373782363
Pie Chart,87.20930233,80,2.874659736
Pie Chart,75.51020408,60,3.966726145
Pie Chart,81.81818182,70,3.578115335
Tree Map,44.26229508,30,3.846723475
Pie Chart,30.33707865,20,3.387097616
Tree Map,98.18181818,65,5.057745634
Stacked Bar Chart,31.64556962,20,3.557112234
Stacked Bar Chart,32.22222222,20,3.626114607
Stacked Bar Chart,90.2173913,50,5.334224697
Tree Map,60,50,3.339850003
Tree Map,60.97560976,50,3.472567021
Stacked Bar Chart,80.8988764,80,0.034041573
Pie Chart,98.07692308,75,4.536172482
Tree Map,89.28571429,75,3.849069941
Tree Map,71.71717172,40,4.99286683
Tree Map,74.62686567,65,3.285678254
Pie Chart,96.20253165,40,5.815768347
Pie Chart,72.30769231,40,5.019376885
Tree Map,60.56338028,35,4.683044022
Tree Map,24.52830189,15,3.271022497
Stacked Bar Chart,66.66666667,50,4.069673528
Pie Chart,93.47826087,90,1.849303104
Tree Map,40.98360656,33,3.019454012
Stacked Bar Chart,21.97802198,15,2.828432949
Stacked Bar Chart,73.68421053,80,2.687237536
Stacked Bar Chart,61.9047619,85,4.53731086
Pie Chart,72,90,4.17990909
Stacked Bar Chart,95.87628866,80,4.000116192
Tree Map,75.55555556,40,5.157066173
Tree Map,96.77419355,95,0.925386939
Tree Map,65,50,3.918863237
Tree Map,59.18367347,50,3.218575591
Tree Map,32.05128205,39,2.822468695
Tree Map,44.04761905,35,3.197333724
Tree Map,77.6119403,65,3.670946846
Tree Map,91.89189189,93,0.302299288
Tree Map,95,89,2.614709844
Stacked Bar Chart,50,45,2.357552005
Tree Map,17.24137931,10,2.880955687
Stacked Bar Chart,87.27272727,81,2.677559493
Stacked Bar Chart,54.08163265,43,3.48628094
Stacked Bar Chart,33.76623377,29,2.290198417
Stacked Bar Chart,16.4556962,20,1.875506356
Stacked Bar Chart,96.875,100,1.700439718
Stacked Bar Chart,85.71428571,79,2.77384566
Stacked Bar Chart,42.22222222,42,-1.526068812
Stacked Bar Chart,51.61290323,49,1.453071454
Stacked Bar Chart,97.95918367,86,3.595048112
Pie Chart,39.18918919,45,2.56944511
Pie Chart,44.89795918,37,3.004134458
Pie Chart,89.79591837,84,2.565820963
Pie Chart,85.8974359,91,2.386138848
Pie Chart,70.12987013,76,2.583791007
Pie Chart,79.31034483,96,4.071647288
Pie Chart,46.15384615,42,2.097221808
Pie Chart,64.86486486,63,0.992670458
Pie Chart,19.23076923,9,3.372362816
Pie Chart,81.39534884,57,4.615907598
Stacked Bar Chart,95.23809524,100,2.288920989
Stacked Bar Chart,17.46031746,17,-0.772708779
Tree Map,23,20,1.64385619
Pie Chart,30.43478261,33,1.427722759
Tree Map,46.91358025,50,1.683211247
Pie Chart,85.71428571,90,2.14101231
Pie Chart,10.30927835,10,-1.203308061
Stacked Bar Chart,97.95918367,100,1.114910899
Stacked Bar Chart,89.74358974,75,3.894195912
Pie Chart,95.12195122,100,2.322807519
Tree Map,78.94736842,95,4.015928506
Pie Chart,67.79661017,66,0.942315691
Tree Map,73.17073171,60,3.73289127
Stacked Bar Chart,85.52631579,80,2.498586808
Tree Map,67.74193548,66,0.900672073
Tree Map,82.35294118,85,1.470957872
Tree Map,80,75,2.357552005
Tree Map,74.19354839,100,4.696631064
Stacked Bar Chart,63,55,3.022367813
Pie Chart,74.07407407,70,2.070071238
Stacked Bar Chart,35.78947368,33,1.543235375
Tree Map,62.96296296,50,3.710168666
Pie Chart,91.93548387,100,3.033778214
Pie Chart,90.47619048,100,3.270350953
Stacked Bar Chart,58.24175824,50,3.064668749
Tree Map,39.79591837,33,2.790963488
Pie Chart,71.27659574,66,2.433385673
Stacked Bar Chart,53.22580645,50,1.744508356
Pie Chart,73.07692308,75,1.034269902
Stacked Bar Chart,63.88888889,66,1.160991877
Pie Chart,76.38888889,75,0.598259323
Tree Map,93,100,2.832890014
Tree Map,77.94117647,50,4.81076063
Pie Chart,41.93548387,25,4.09258666
Stacked Bar Chart,21.42857143,12,3.256040159
Stacked Bar Chart,87.62886598,12,6.243247611
Tree Map,95.55555556,90,2.506032031
Tree Map,85.41666667,100,3.878561873
Pie Chart,82.75862069,80,1.527881406
Pie Chart,48.23529412,25,4.545986533
Pie Chart,85.54216867,90,2.196239187
Tree Map,92.30769231,100,2.966671824
Tree Map,29.62962963,25,2.249332964
Tree Map,58,50,3.022367813
Pie Chart,47.43589744,25,4.495752552
Tree Map,46.77419355,25,4.452805838
Pie Chart,46.15384615,25,4.411348018
Stacked Bar Chart,12.5,10,1.392317423
Stacked Bar Chart,62.90322581,50,3.703568725
Tree Map,33.33333333,36,1.48112669
Pie Chart,73.91304348,37,5.210935986
Pie Chart,69.81132075,27,5.424126666
Stacked Bar Chart,92.77108434,2736,11.36815388
Stacked Bar Chart,67.85714286,2636,11.32657996
Stacked Bar Chart,94.04761905,2636,11.31179223
Stacked Bar Chart,93.40659341,26,6.077490693
Pie Chart,91.30434783,363,8.086511262
Tree Map,63.52941176,3636,11.8027569
Stacked Bar Chart,47,3636,11.80941645
Stacked Bar Chart,34.375,3636,11.81448233
Stacked Bar Chart,57.14285714,40,4.110017157
Tree Map,41.02564103,80,5.28907305
Stacked Bar Chart,84.48275862,100,3.967375346
Tree Map,37.28813559,33,2.141804075
Pie Chart,82.4742268,90,2.935605556
Tree Map,86.58536585,90,1.823600252
Pie Chart,17.39130435,10,2.910023485
Tree Map,32.25806452,35,1.519509439
Pie Chart,65,90,4.651051691
Stacked Bar Chart,76.04166667,95,4.254241287
Stacked Bar Chart,44.82758621,33,3.579250906
Tree Map,28.20512821,25,1.73557772
Tree Map,18.18181818,12,2.656912343
Pie Chart,30.55555556,25,2.506032031
Pie Chart,39.79591837,33,2.790963488
Stacked Bar Chart,55.93220339,50,2.598651855
Tree Map,93.87755102,100,2.643267214
Pie Chart,65.06024096,80,3.913105692
Stacked Bar Chart,56.66666667,80,4.552028611
Pie Chart,46.83544304,50,1.717893295
Tree Map,70,75,2.357552005
Stacked Bar Chart,48.71794872,50,0.492674911
Stacked Bar Chart,84.14634146,100,3.998074389
Stacked Bar Chart,56.52173913,85,4.838107723
Tree Map,79.7752809,95,3.940140349
Tree Map,36.17021277,25,3.497639542
Pie Chart,71.66666667,85,3.750427854
Pie Chart,46.15384615,60,3.804379269
Pie Chart,73.25581395,95,4.45082762
Stacked Bar Chart,36.36363636,50,3.782551531
Tree Map,52.77777778,55,1.230954435
Tree Map,36.53846154,30,2.736271824
Tree Map,100,0,6.645658432
Tree Map,22.78481013,20,1.540925016
Tree Map,52.27272727,45,2.887082115
Tree Map,58.69565217,50,3.140885328
Tree Map,64.1025641,33,4.964748132
Tree Map,76.92307692,0,6.267687043
Stacked Bar Chart,76,45,4.960001932
Tree Map,53.06122449,51,1.12844155
Tree Map,71.79487179,75,1.73557772
Stacked Bar Chart,14.63414634,20,2.457030461
Stacked Bar Chart,100,50,5.647458426
Stacked Bar Chart,32.96703297,13,4.328551642
Stacked Bar Chart,73.19587629,30,5.436990521
Stacked Bar Chart,54.32098765,15,5.301806655
Pie Chart,80.68181818,0,6.336405122
Stacked Bar Chart,35.0877193,40,2.332645127
Pie Chart,80.3030303,0,6.329626483
Stacked Bar Chart,32,33,0.169925001
Pie Chart,94.25287356,0,6.560376761
Stacked Bar Chart,32.58426966,65,5.024174726
Pie Chart,77.38095238,0,6.276235207
Pie Chart,42.68292683,50,2.895704575
Stacked Bar Chart,35.71428571,33,1.505528033
Pie Chart,78.46153846,80,0.734188509
Pie Chart,24.48979592,20,2.206266849
Pie Chart,83.58208955,95,3.528935128
Pie Chart,94.68085106,0,6.566904195
Pie Chart,37.5,33,2.209453366
Stacked Bar Chart,36,50,3.820178962
Tree Map,43.33333333,66,4.510434522
Tree Map,78.26086957,40,5.262503425
Tree Map,65.38461538,35,4.931192088
Stacked Bar Chart,21.53846154,15,2.736271824
Tree Map,52.17391304,40,3.620458913
Tree Map,54.08163265,30,4.597330497
Stacked Bar Chart,57.95454545,40,4.176286502
Stacked Bar Chart,89.0625,45,5.465566405
Tree Map,32.65306122,30,1.474078395
Pie Chart,38.55421687,20,4.223362066
Stacked Bar Chart,26.53061224,25,0.727364824
Stacked Bar Chart,38.0952381,33,2.38411561
Pie Chart,35.59322034,20,3.974365976
Tree Map,21.62162162,10,3.554173986
Stacked Bar Chart,29.21348315,30,-0.133658763
Pie Chart,29.62962963,7,4.508088199
Pie Chart,80.64516129,90,3.244862513
Stacked Bar Chart,90.625,80,3.426264755
Pie Chart,94.54545455,100,2.480147596
Pie Chart,15,10,2.357552005
Tree Map,80.55555556,60,4.370203037
Tree Map,89.33333333,77,3.639039173
Tree Map,95.89041096,100,2.082221966
Stacked Bar Chart,92.59259259,100,2.913111034
Pie Chart,61.53846154,90,4.83726403
Stacked Bar Chart,83.33333333,80,1.790076931
Pie Chart,35.71428571,5,4.946697445
Pie Chart,43.82022472,80,5.182087418
Pie Chart,60,60,-3
Tree Map,94.59459459,95,-0.914832617
Stacked Bar Chart,14.47368421,20,2.498586808
Stacked Bar Chart,84.61538462,90,2.461951611
Tree Map,23.33333333,20,1.790076931
Stacked Bar Chart,76.31578947,60,4.039207673
Pie Chart,26.2295082,15,3.505193314
Stacked Bar Chart,87.95180723,80,3.013785107
Pie Chart,40.42553191,40,-0.861101894
Pie Chart,55.55555556,65,3.258435171
Tree Map,57,65,3.022367813
Pie Chart,37.31343284,30,2.8949987
Stacked Bar Chart,86.84210526,85,0.976074161
Stacked Bar Chart,75.32467532,55,4.354006033
Tree Map,41.17647059,35,2.655688553
Pie Chart,100,95,2.357552005
Tree Map,17.58241758,15,1.436917421
Pie Chart,96.05263158,100,2.025868086
Tree Map,31.81818182,40,3.054295977
Tree Map,45.90163934,45,0.037929456
Stacked Bar Chart,58.18181818,70,3.578115335
Tree Map,50,15,5.13442632
Pie Chart,27.27272727,15,3.632003768
Pie Chart,50,50,0
Tree Map,94.52054795,100,2.486573328
Pie Chart,31.39534884,33,0.790481103
Pie Chart,73.68421053,66,2.965176706
Stacked Bar Chart,94.66666667,100,2.448460501
Tree Map,90.47619048,100,3.270350953
Stacked Bar Chart,24.74226804,20,2.283112226
Stacked Bar Chart,21.11111111,12,3.207285529
Pie Chart,45.23809524,2,5.438395834
Pie Chart,17.24137931,3,3.844624607
Tree Map,52.38095238,1,5.686667265
Stacked Bar Chart,55.31914894,1,5.766705107
Stacked Bar Chart,12.76595745,1,3.571792979
Pie Chart,44.57831325,1,5.449670753
Stacked Bar Chart,56.96202532,1,5.809595164
Pie Chart,56.57894737,1,5.79970766
Tree Map,50.54945055,1,5.634432105
Stacked Bar Chart,73.68421053,1,6.186049061
Stacked Bar Chart,93.75,1,6.537218401
Stacked Bar Chart,87.05882353,1,6.4293452
Tree Map,66.17647059,1,6.029043576
Pie Chart,80.72289157,1,6.319182408
Stacked Bar Chart,87.36842105,1,6.434518496
Pie Chart,88.37209302,1,6.451163181
Tree Map,80,1,6.306061689
Pie Chart,68.29268293,1,6.075055139
Pie Chart,26.19047619,1,4.661947717
Pie Chart,44.44444444,1,5.445244812
Pie Chart,36.50793651,1,5.155139476
Stacked Bar Chart,56.12244898,1,5.787835945
Tree Map,96.25,1,6.575539247
Tree Map,96.72131148,1,6.582651008
Tree Map,83.58208955,1,6.369939096
Stacked Bar Chart,25.92592593,1,4.646792024
Tree Map,27.16049383,1,4.716194934
Stacked Bar Chart,72.05882353,1,6.153477522
Tree Map,35.22727273,1,5.102333645
Tree Map,11.23595506,1,3.373085089
Tree Map,30,30,0
Pie Chart,96,100,2.044394119
Pie Chart,38.37209302,30,3.086969359
Stacked Bar Chart,31,25,2.614709844
Tree Map,79.72972973,100,4.35016272
Stacked Bar Chart,25,20,2.357552005
Tree Map,28.30188679,15,3.74705293
Stacked Bar Chart,89.47368421,100,3.412959757
Stacked Bar Chart,82.60869565,100,4.130626517
Tree Map,60.52631579,75,3.867766439
Tree Map,77.64705882,70,2.95829682
Pie Chart,13.92405063,10,2.017583684
Stacked Bar Chart,44.44444444,30,3.864873961
Tree Map,34.88372093,40,2.389918927
Tree Map,48.38709677,50,0.797347749
Stacked Bar Chart,94.23076923,100,2.559303546
Stacked Bar Chart,18.82352941,10,3.161650611
Tree Map,75,100,4.651051691
Pie Chart,42.85714286,30,3.698456632
Pie Chart,40.90909091,30,3.463895867
Tree Map,50,50,0
Tree Map,23.33333333,25,0.841302254
Stacked Bar Chart,25,20,2.357552005
Pie Chart,89.79591837,100,3.368640084
Pie Chart,97.10144928,100,1.596243783
Stacked Bar Chart,84.84848485,100,3.933243571
Stacked Bar Chart,62.66666667,75,3.639039173
Pie Chart,48.42105263,20,4.835219357
Pie Chart,90.32258065,100,3.293137868
Pie Chart,21.66666667,10,3.559695742
Tree Map,51.51515152,40,3.541037932
Pie Chart,68.04123711,60,3.029671458
Pie Chart,40,50,3.339850003
Pie Chart,92.85714286,100,2.861530062
Stacked Bar Chart,31.91489362,30,1.028493916
Pie Chart,77.96610169,90,3.60394061
Pie Chart,86.11111111,90,2.005000681
Tree Map,61.61616162,60,0.800050121
Pie Chart,34.375,30,2.169925001
Pie Chart,60,50,3.339850003
Pie Chart,96.875,100,1.700439718
Stacked Bar Chart,67.34693878,75,2.959410591
Pie Chart,57.89473684,50,3.003554897
Stacked Bar Chart,62.3655914,50,3.642769881
Stacked Bar Chart,85.24590164,100,3.8952152
Stacked Bar Chart,26.58227848,30,1.824858065
Tree Map,66.12903226,80,3.806939339
Tree Map,27.08333333,30,1.604862058
Tree Map,20,20,0
Pie Chart,65.26315789,75,3.301857155
Tree Map,65.78947368,75,3.222731361
Tree Map,89.47368421,100,3.412959757
Tree Map,0,80,6.324180547
Tree Map,71,70,0.169925001
Stacked Bar Chart,82.02247191,85,1.633444272
Stacked Bar Chart,37.89473684,35,1.59442283
Tree Map,29.6875,35,2.442943496
Stacked Bar Chart,40,50,3.339850003
Stacked Bar Chart,53,50,1.64385619
Stacked Bar Chart,64.63414634,50,3.883537374
Pie Chart,54.02298851,66,3.597174955
Pie Chart,68.75,120,5.682994584
Stacked Bar Chart,54.54545455,125,6.141178234
Stacked Bar Chart,46.26865672,850,9.650793891
Pie Chart,91.11111111,105,3.808785458
Tree Map,45.45454545,225,7.489209378
Tree Map,50,300,7.966505452
Pie Chart,40.90909091,200,7.314840689
Stacked Bar Chart,80,600,9.022714573
Pie Chart,76,80,2.044394119
Pie Chart,21.42857143,500,8.902967232
Stacked Bar Chart,46.57534247,570,9.03218257
Stacked Bar Chart,52.94117647,230,7.469103085
Tree Map,50.51546392,133,6.368236425
Pie Chart,78.57142857,80,0.635588574
Pie Chart,97.33333333,110,3.677132345
Pie Chart,25,400,8.551227604
Pie Chart,31.81818182,250,7.770213379
Stacked Bar Chart,46.66666667,33,3.785724906
Tree Map,55.84415584,50,2.577526921
Tree Map,54.76190476,50,2.288920989
Stacked Bar Chart,16.4556962,90,6.202991704
Tree Map,43.63636364,225,7.503735409
Stacked Bar Chart,75.58139535,70,2.512579703
Tree Map,50.63291139,50,-0.399898902
Tree Map,85.71428571,110,4.609442606
Tree Map,65.27777778,66,-0.239187664
Tree Map,87.80487805,100,3.622944632
Stacked Bar Chart,51.35135135,80,4.846676269
Stacked Bar Chart,70.58823529,10,5.923939149
Pie Chart,70.14925373,75,2.314912919
Tree Map,83.33333333,100,4.069673528
Stacked Bar Chart,84,75,3.189824559
Tree Map,87.14285714,100,3.698456632
Tree Map,71.42857143,100,4.842799292
Stacked Bar Chart,47.45762712,50,1.415419518
Stacked Bar Chart,54.76190476,50,2.288920989
Stacked Bar Chart,79.36507937,75,2.166740946
Stacked Bar Chart,48,50,1.087462841
Stacked Bar Chart,39.77272727,50,3.371875625
Tree Map,88.52459016,100,3.536103871
Pie Chart,76.28865979,75,0.499434968
Tree Map,57.30337079,50,2.893045829
Pie Chart,71.21212121,75,1.96823042
Pie Chart,86.20689655,100,3.79889073
Tree Map,52,50,1.087462841
Pie Chart,25,25,0
Tree Map,48.64864865,50,0.562036104
Tree Map,22.72727273,25,1.26166757
Stacked Bar Chart,26.08695652,25,0.277337944
Pie Chart,87.5,100,3.658211483
Pie Chart,87,100,3.714245518
Pie Chart,55.88235294,50,2.586729427
Stacked Bar Chart,62.06896552,50,3.608095466
Tree Map,94.50549451,75,4.295024611
Stacked Bar Chart,18.18181818,25,2.795596951
Tree Map,30.23255814,25,2.421575601
Stacked Bar Chart,54.87804878,50,2.322807519
Pie Chart,48.4375,50,0.754887502
Pie Chart,52.94117647,50,1.616440732
Tree Map,43.20987654,33,3.36944925
Pie Chart,51.04166667,40,3.48112669
Stacked Bar Chart,84.14634146,70,3.835049045
Stacked Bar Chart,53.19148936,40,3.735141888
Stacked Bar Chart,97.14285714,40,5.839653716
Pie Chart,63.38028169,70,2.753758191
Tree Map,76.25,80,1.95419631
Tree Map,43.47826087,35,3.104883584
Pie Chart,84.61538462,70,3.881702264
Pie Chart,48.88888889,35,3.808785458
Stacked Bar Chart,98.18181818,90,3.054295977
Tree Map,21.15384615,10,3.49554758
Pie Chart,72.22222222,60,3.626114607
Pie Chart,53.84615385,30,4.583227449
Stacked Bar Chart,90.27777778,80,3.378896907
Pie Chart,36.58536585,29,2.946799317
Tree Map,64.94845361,70,2.371989904
Stacked Bar Chart,51.28205128,60,3.144527522
Stacked Bar Chart,50,30,4.330916878
Tree Map,60.24096386,60,-1.450226928
Pie Chart,15.15151515,5,3.361279213
Stacked Bar Chart,29.41176471,20,3.253499923
Tree Map,89.33333333,70,4.282316239
Pie Chart,22.35294118,15,2.902641123
Tree Map,71.42857143,80,3.12042304
Stacked Bar Chart,29.88505747,20,3.323378352
Tree Map,56.94444444,40,4.093344199
Stacked Bar Chart,26.59574468,20,2.748621097
Tree Map,100,90,3.339850003
Pie Chart,79.03225806,90,3.471544114
Stacked Bar Chart,80.51948052,90,3.263863639
Stacked Bar Chart,62.66666667,50,3.677132345
Stacked Bar Chart,18.33333333,10,3.080373416
Stacked Bar Chart,88.63636364,100,3.522135663
Tree Map,24.69135802,25,-1.205423683
Tree Map,52.05479452,30,4.471174095
Tree Map,23.59550562,15,3.124411785
Tree Map,75,80,2.357552005
Pie Chart,47.2972973,50,1.499630447
Stacked Bar Chart,83.56164384,90,2.714433724
Tree Map,80.20833333,80,-1.584962501
Pie Chart,72.34042553,80,2.960618179
Stacked Bar Chart,35.29411765,40,2.272286719
Stacked Bar Chart,41.53846154,40,0.734188509
Pie Chart,88.46153846,90,0.734188509
Tree Map,92.75362319,90,1.525378953
Tree Map,74.74747475,90,3.94275144
Tree Map,64.70588235,70,2.438057968
Pie Chart,41.26984127,50,3.146518168
Tree Map,67.5,70,1.392317423
Stacked Bar Chart,82.05128205,80,1.121865545
Pie Chart,80,80,0
Tree Map,41.93548387,25,4.09258666
Pie Chart,10.1010101,10,-2.145540843
Stacked Bar Chart,64,50,3.820178962
Pie Chart,43.47826087,30,3.76588062
Pie Chart,86.36363636,100,3.782551531
Pie Chart,44.44444444,40,2.192018772
Pie Chart,92,100,3.022367813
Stacked Bar Chart,89.53488372,80,3.272005823
Tree Map,40.50632911,30,3.410250067
Stacked Bar Chart,21.05263158,30,3.181479228
Pie Chart,68.96551724,80,3.480198255
Stacked Bar Chart,98.7654321,100,0.443148206
Tree Map,50,60,3.339850003
Tree Map,18.51851852,15,1.865332323
Stacked Bar Chart,26.15384615,25,0.354842717
Stacked Bar Chart,50.53763441,50,-0.593714975
Tree Map,77.92207792,70,3.008465003
Pie Chart,73.73737374,70,1.949487771
Tree Map,45.83333333,40,2.574908836
Stacked Bar Chart,45.83333333,50,2.101538026
Pie Chart,30.3030303,33,1.496702496
Pie Chart,40.84507042,20,4.390259801
Stacked Bar Chart,66.66666667,66,-0.337034987
Tree Map,34.375,35,-0.415037499
Stacked Bar Chart,40.74074074,33,2.975582635
Pie Chart,83.72093023,90,2.678989025
Pie Chart,47.05882353,45,1.12685628
Stacked Bar Chart,21.66666667,15,2.763765654
Pie Chart,79.51807229,85,2.48721047
Tree Map,36.84210526,25,3.581002314
Stacked Bar Chart,88.88888889,97,3.041963293
Tree Map,66.66666667,50,4.069673528
Pie Chart,70,85,3.918863237
Tree Map,89.01098901,90,0.155763464
Tree Map,94,100,2.614709844
Pie Chart,92,100,3.022367813
Stacked Bar Chart,53.7037037,60,2.68286457
Pie Chart,28.23529412,25,1.748587514
Tree Map,75.86206897,80,2.091845716
Tree Map,63.29113924,50,3.745897662
Stacked Bar Chart,40.4040404,50,3.281098735
Stacked Bar Chart,75.71428571,66,3.298553587
Stacked Bar Chart,38.82352941,60,4.412881128
Tree Map,38.23529412,40,0.918161708
Pie Chart,78.72340426,80,0.4870703
Stacked Bar Chart,50,50,0
Pie Chart,64.58333333,50,3.878561873
Stacked Bar Chart,70,95,4.651051691
Tree Map,38.46153846,35,1.842592102
Stacked Bar Chart,89.69072165,95,2.442088464
Pie Chart,44.32989691,33,3.517892569
Pie Chart,14.1025641,20,2.590347133
Tree Map,11.82795699,14,1.199777871
Pie Chart,82.75862069,80,1.527881406
Pie Chart,84.14634146,90,2.579821816
Pie Chart,79.41176471,90,3.421322321
Tree Map,79.45205479,90,3.415886439
Tree Map,78.78787879,70,3.155891486
Tree Map,59.34065934,70,3.43086607
Stacked Bar Chart,58.06451613,50,3.033778214
Pie Chart,24.24242424,25,-0.180207975
Stacked Bar Chart,18,17,0.169925001
Stacked Bar Chart,85.85858586,80,2.581010326
Tree Map,88.04347826,85,1.663790117
Stacked Bar Chart,87.17948718,100,3.694380212
Tree Map,100,100,0
Pie Chart,28.57142857,30,0.635588574
Pie Chart,40,45,2.357552005
Pie Chart,82.5,15,6.079484784
Tree Map,100,6,6.556506055
Stacked Bar Chart,20,40,4.330916878
Stacked Bar Chart,13.63636364,55,5.374644335
Tree Map,77.04918033,20,5.837291873
Pie Chart,35.71428571,33,1.505528033
Tree Map,25.42372881,70,5.482243953
Stacked Bar Chart,31.91489362,28,2.014317303
Pie Chart,28.75,25,1.95419631
Stacked Bar Chart,42.85714286,50,2.861530062
Pie Chart,90.90909091,0,6.508335009
Pie Chart,35.55555556,27,3.117787378
Tree Map,47.61904762,30,4.149263237
Stacked Bar Chart,67.6056338,28,5.312179903
Stacked Bar Chart,92.68292683,8,6.406127212
Pie Chart,45.58823529,40,2.514307947
Stacked Bar Chart,96.62921348,100,1.805617084
Pie Chart,65.51724138,20,5.512297735
Stacked Bar Chart,95.55555556,100,2.192018772
Pie Chart,35.9375,33,1.614709844
Tree Map,34.7826087,60,4.663480758
Stacked Bar Chart,27.36842105,20,2.905624518
Tree Map,22.85714286,75,5.707852108
Tree Map,97.10144928,2,6.573290435
Tree Map,21.05263158,15,2.627053834
Tree Map,68.23529412,20,5.595751114
Stacked Bar Chart,93.5483871,82,3.545151322
Pie Chart,21.81818182,18,1.979360234
Pie Chart,35.18518519,30,2.408762174
Tree Map,58.06451613,55,1.673337574
Pie Chart,55.68181818,50,2.537747862
Stacked Bar Chart,64.9122807,50,3.910471793
Stacked Bar Chart,40,25,3.918863237
Stacked Bar Chart,68.96551724,75,2.622809206
Tree Map,36.84210526,33,1.988086678
Pie Chart,44.30379747,33,3.514601707
Pie Chart,77.52808989,100,4.498053608
Pie Chart,37.5,25,3.658211483
Stacked Bar Chart,68.57142857,80,3.53026698
Stacked Bar Chart,94.28571429,100,2.545791903
Pie Chart,82.65306122,66,4.068504111
Pie Chart,61.8556701,50,3.582636698
Tree Map,65.95744681,50,4.007415012
Pie Chart,66.31578947,75,3.139012732
Stacked Bar Chart,68.08510638,50,4.186667445
Stacked Bar Chart,97.56097561,100,1.358409986
Tree Map,18.91891892,16,1.60592993
Tree Map,57.89473684,50,3.003554897
Tree Map,26.5625,25,0.754887502
Stacked Bar Chart,85.07462687,100,3.91172735
Pie Chart,40.90909091,25,4.003070654
Tree Map,63,50,3.714245518
Pie Chart,15.58441558,12,1.891191909
Stacked Bar Chart,27.02702703,25,1.105696197
Tree Map,51.76470588,33,4.239528334
Tree Map,34.54545455,25,3.273583703
Pie Chart,94.18604651,90,2.108038128
Tree Map,42.22222222,33,3.224537693
Tree Map,92,100,3.022367813
Stacked Bar Chart,20.73170732,12,3.146770444
