Piechart,0.8,0.89813482,0.721458476,0.803285276,-1.140737774
Piechart,0.15,0.4350666,0.030654958,0.070460379,3.014169964
Piechart,0.6,0.66334272,0.354916753,0.53504281,2.726987904
Piechart,0.7,0.943278019,0.719212122,0.762460386,2.67152857
Piechart,0.5,0.294284768,0.163287019,0.554860584,2.488272938
Piechart,0.2,0.672092228,0.110461231,0.164354276,1.883453635
Piechart,0.33,0.372892488,0.161111477,0.432058789,3.368891087
Piechart,0.1,0.680252112,0.042340742,0.06224272,1.963743413
Piechart,0.6,0.969951292,0.586755382,0.604932832,-0.693660334
Piechart,0.35,0.586955042,0.245291778,0.417905565,2.789845342
Piechart,0.45,0.631221672,0.306460128,0.485503179,1.877869031
Piechart,0.1,0.27694178,0.013206239,0.047685976,2.421264335
Piechart,0.65,0.215027062,0.035056606,0.163033462,5.609449263
Piechart,0.2,0.927237193,0.145500871,0.156918717,2.148325101
Piechart,0.2,0.795864033,0.179461794,0.225493032,1.419163027
Piechart,0.8,0.626019995,0.023804872,0.038025738,6.254035128
Piechart,0.33,0.592720349,0.21920865,0.369834865,2.038607016
Piechart,0.4,0.190220592,0.046214219,0.242950662,3.984583315
Piechart,0.6,0.270910979,0.149468216,0.551724468,2.308172465
Piechart,0.85,0.367661255,0.263484231,0.716649434,3.750612568
Boxplot,0.66,0.956447678,0.644729003,0.674087059,0.617021865
Boxplot,0.65,0.809499704,0.485763543,0.600078716,2.355334446
Boxplot,0.8,0.649179369,0.518933532,0.799368489,-2.410036535
Boxplot,0.45,0.681190088,0.310465061,0.455768612,-0.510742249
Boxplot,0.75,0.604288473,0.440370674,0.72874247,1.170407766
Boxplot,0.5,0.976431931,0.497924802,0.509943178,0.162619766
Boxplot,0.95,0.556747883,0.53051365,0.95287951,-1.275957514
Boxplot,0.95,0.533284941,0.530559794,0.994889886,2.20601443
Boxplot,0.9,0.694645985,0.694464,0.999738017,3.336112217
Boxplot,0.75,0.674604705,0.64983567,0.963283631,4.423131919
Boxplot,0.66,0.627446749,0.397486064,0.633497686,1.472608086
Boxplot,0.75,0.743682292,0.650325881,0.874467348,3.652111838
Boxplot,0.8,0.807730761,0.63776954,0.78958184,0.222577036
Boxplot,0.5,0.845471084,0.529290667,0.626030478,3.669939251
Boxplot,0.75,0.91079084,0.699590134,0.768112835,0.953290218
Boxplot,0.6,0.879445449,0.541195472,0.615382652,0.734018214
Boxplot,0.8,0.851826196,0.747807215,0.877887083,2.984353894
Boxplot,0.4,0.959533604,0.40657712,0.42372369,1.320409009
Boxplot,0.7,0.8631596,0.582307228,0.674622896,1.412895552
Boxplot,0.85,0.702227033,0.587594599,0.836758728,0.535184208
Barchart,0.6,0.474606306,0.072877101,0.153552745,5.484451568
Barchart,0.9,0.187930018,0.078940691,0.420053654,5.588553783
Barchart,0.4,0.806391515,0.561245766,0.695996616,4.893588481
Barchart,0.05,0.99464396,0.276306229,0.277794106,4.51755353
Barchart,0.95,0.66807019,0.643684598,0.963498458,0.560564156
Barchart,0.9,0.342617387,0.281399855,0.821323918,2.998666361
Barchart,0.75,0.371214299,0.129182712,0.348000365,5.333601322
Barchart,0.9,0.528354958,0.483672006,0.915430051,0.738123736
Barchart,0.98,0.60427994,0.595976904,0.98625962,-0.413188222
Barchart,0.15,0.982654458,0.810581789,0.824889953,6.079249992
Barchart,0.99,0.676387682,0.66487579,0.982980334,-0.274099009
Barchart,0.1,0.931130438,0.394452742,0.423627804,5.021825275
Barchart,0.66,0.464605774,0.136147876,0.293039569,5.202458592
Barchart,0.2,0.943604168,0.630406624,0.668083764,5.552542346
Barchart,0.95,0.524427415,0.486428702,0.927542474,1.245345114
Barchart,0.33,0.762952541,0.227710899,0.298460109,1.713251086
Barchart,0.4,0.826411903,0.575407815,0.696272419,4.89492648
Barchart,0.1,0.90657661,0.070008085,0.07722247,1.264688328
Barchart,0.45,0.618437747,0.117389716,0.189816545,4.708371866
Barchart,0.85,0.240641776,0.103391771,0.429650134,5.397802502
Piechart,0.2,0.552037481,0.117496568,0.21284165,0.494840519
Piechart,0.5,0.596222459,0.388113472,0.65095413,3.927935601
Piechart,0.1,0.943498627,0.089412568,0.094767036,-0.625274437
Piechart,0.2,0.401340181,0.096716408,0.240983615,2.078391757
Piechart,0.2,0.957100009,0.559420104,0.584494931,5.269575293
Piechart,0.5,0.985880828,0.915836608,0.92895265,5.426944508
Piechart,0.1,0.849859652,0.091572259,0.10774986,-0.15202552
Piechart,0.25,0.160617524,0.125243983,0.779765369,5.730681711
Piechart,0.125,0.632772346,0.081163453,0.128266436,-1.146743449
Piechart,0.99,0.561898875,0.523047852,0.930857625,2.594366404
Piechart,0.9,0.707494422,0.512476722,0.724354435,4.144825971
Piechart,0.05,0.925826631,0.013708505,0.014806773,1.865650698
Piechart,0.005,0.829086842,0.010574162,0.012753986,-0.151364243
Piechart,0.4,0.884374652,0.393660317,0.445128449,2.213454577
Piechart,0.7,0.714095759,0.399032005,0.558793412,3.832450441
Piechart,0.1,0.861402085,0.048550331,0.056361984,2.166330319
Piechart,0.8,0.643336252,0.561284288,0.872458666,2.881834242
Piechart,0.3,0.874570582,0.341808545,0.390830142,3.202890063
Piechart,0.2,0.860597185,0.161783276,0.187989549,0.407129895
Piechart,0.25,0.627499005,0.205916125,0.328153708,2.989206385
Boxplot,0.7,0.664617579,0.585435827,0.880861182,4.186747607
Boxplot,0.99,0.467736391,0.455124327,0.973035957,0.86505118
Boxplot,0.75,0.882960628,0.667271112,0.755720121,-0.520744442
Boxplot,0.6,0.605019277,0.343176275,0.567215439,1.767000481
Boxplot,0.7,0.842256562,0.69670374,0.827187072,3.682989778
Boxplot,0.7,0.612039745,0.409111865,0.66844003,1.714134282
Boxplot,0.8,0.874438874,0.694579072,0.794314038,-0.527832004
Boxplot,0.6,0.930655465,0.603069561,0.648005179,2.300275435
Boxplot,0.7,0.870391622,0.665597293,0.764710133,2.721594306
Boxplot,0.8,0.959001063,0.845220033,0.881354637,3.046222763
Boxplot,0.9,0.688637097,0.685000636,0.994719337,3.262573521
Boxplot,0.7,0.826381752,0.6176987,0.747473789,2.284626323
Boxplot,0.8,0.925443485,0.73987073,0.799476945,-2.495690664
Boxplot,0.75,0.789765995,0.60675686,0.768274228,0.965265524
Boxplot,0.9,0.966321111,0.879936234,0.910604377,0.245419837
Boxplot,0.95,0.718758861,0.657943285,0.915388067,1.842453243
Boxplot,0.85,0.801622021,0.652416687,0.813870715,1.902238986
Boxplot,0.6,0.803343723,0.490546827,0.610631307,0.248693515
Boxplot,0.95,0.416313394,0.416223256,0.999783487,2.351444222
Boxplot,0.85,0.60795356,0.606994974,0.998423259,3.903744582
Barchart,0.66,0.542521821,0.181429398,0.334418619,5.030474606
Barchart,0.4,0.711280552,0.248980096,0.350044852,2.356288849
Barchart,0.85,0.594608129,0.515921476,0.86766637,0.919635257
Barchart,0.5,0.720007291,0.321688709,0.44678535,2.445320166
Barchart,0.75,0.661841505,0.489763974,0.740001905,0.16968065
Barchart,0.2,0.967030307,0.57337678,0.592925347,5.300765643
Barchart,0.01,0.999636255,0.062665045,0.062687847,2.431297935
Barchart,0.125,0.963727706,0.227739905,0.236311464,3.492641086
Barchart,0.66,0.527878477,0.25653153,0.485967019,4.131614023
Barchart,0.1,0.937648291,0.117552656,0.125369669,1.412492646
Barchart,0.8,0.599060546,0.440737089,0.735713764,2.71229282
Barchart,0.75,0.472458883,0.186800949,0.395380329,5.153277079
Barchart,0.5,0.934026121,0.833949982,0.892855096,5.300508501
Barchart,0.75,0.461279188,0.10791073,0.233937997,5.69296276
Barchart,0.8,0.312801478,0.103249262,0.3300792,5.558178227
Barchart,0.5,0.661331877,0.295736933,0.447183847,2.434725708
Barchart,0.25,0.887284854,0.272070499,0.306632642,2.533130768
Barchart,0.95,0.045724073,0.008217054,0.17970959,6.269669816
Barchart,0.8,0.168471162,0.036957323,0.219368836,5.86265264
Barchart,0.2,0.815883371,0.487762688,0.597833839,5.318619952
Piechart,0.4,0.456124915,0.301789783,0.661638451,4.716378861
Piechart,0.8,0.97598169,0.817213976,0.83732511,1.947670273
Piechart,0.6,0.565038291,0.383151542,0.678098367,2.988200525
Piechart,0.05,0.872508084,0.087499805,0.10028538,2.365563202
Piechart,0.3,0.966754116,0.386768458,0.400069109,3.340834393
Piechart,0.3,0.172704649,0.030336913,0.175657769,3.650675314
Piechart,0.1,0.543660503,0.102800238,0.189089031,3.175349441
Piechart,0.5,0.326017244,0.181594651,0.557009344,2.542489445
Piechart,0.99,0.227690649,0.203155156,0.892241981,3.30754538
Piechart,0.95,0.951062371,0.883464841,0.928924188,1.158712616
Piechart,0.05,0.418881956,0.038944334,0.092972098,2.144767456
Piechart,0.4,0.587278415,0.243493891,0.414614065,0.665762451
Piechart,0.6,0.308288128,0.192039882,0.622923378,1.273419067
Piechart,0.5,0.341057827,0.199175834,0.583994322,3.09160374
Piechart,0.5,0.528082315,0.293119835,0.555064667,2.493510729
Piechart,0.35,0.969663979,0.445286346,0.459217167,3.465545737
Piechart,0.9,0.383482928,0.367663512,0.958748058,2.584915807
Piechart,0.7,0.465137023,0.29552318,0.635346501,2.720355061
Piechart,0.95,0.730995743,0.638991884,0.874138994,2.946936791
Piechart,0.7,0.4356846,0.268926745,0.617250976,3.070372569
Boxplot,0.5,0.63804561,0.598838313,0.93855095,5.458778815
Boxplot,0.25,0.710893286,0.241577049,0.339821819,3.187004696
Boxplot,0.5,0.624694743,0.562431727,0.900330495,5.327617295
Boxplot,0.4,0.642437958,0.443084069,0.689691609,4.862657731
Boxplot,0.75,0.936596932,0.851826614,0.909491143,4.006667344
Boxplot,0.8,0.955989545,0.590187594,0.617357791,4.200788452
Boxplot,0.7,0.842331398,0.628151066,0.745729137,2.232020197
Boxplot,0.6,0.746253817,0.62197871,0.833468045,4.552856856
Boxplot,0.5,0.8514066,0.732203187,0.859992379,5.174895246
Boxplot,0.4,0.707096855,0.638784395,0.903390236,5.657183334
Boxplot,0.85,0.839245568,0.482526584,0.574952793,4.788149072
Boxplot,0.99,0.5299649,0.366731878,0.691992768,4.903314206
Boxplot,0.85,0.719451117,0.592372945,0.823367886,1.479339965
Boxplot,0.2,0.943303769,0.454582707,0.481904898,4.823519583
Boxplot,0.85,0.67060694,0.568293066,0.847430935,-1.388708678
Boxplot,0.7,0.759076386,0.463169547,0.610175149,3.187052725
Boxplot,0.35,0.939536547,0.7875469,0.838229127,5.613175436
Boxplot,0.2,0.557316713,0.508913091,0.913148805,6.158657762
Boxplot,0.7,0.8432792,0.652744666,0.774055219,2.912749858
Boxplot,0.5,0.718879993,0.698747734,0.971994966,5.564515255
Barchart,0.6,0.601537747,0.279064841,0.463919084,3.779584538
Barchart,0.05,0.982765241,0.089752084,0.091326067,2.090042672
Barchart,0.5,0.576525879,0.150820008,0.261601453,4.582848285
Barchart,0.95,0.438056418,0.417710248,0.953553538,-1.057830683
Barchart,0.13,0.892220748,0.306843564,0.343909917,4.427337435
Barchart,0.95,0.169767562,0.126841479,0.747147908,4.351219065
Barchart,0.25,0.680953315,0.117193795,0.172102539,2.984543068
Barchart,0.9,0.437984586,0.407855187,0.931208996,1.698618397
Barchart,0.5,0.945497855,0.884398954,0.935379123,5.448336455
Barchart,0.14,0.859851925,0.125796691,0.146300412,-0.405372728
Barchart,0.95,0.280036875,0.212751099,0.759725302,4.259458542
Barchart,0.3,0.774120165,0.335704536,0.433659464,3.753919654
Barchart,0.6,0.619140046,0.395547778,0.63886641,2.004192492
Barchart,0.95,0.698076644,0.679268394,0.973057041,1.281374303
Barchart,0.6,0.717320954,0.541116192,0.754357152,3.959836465
Barchart,0.5,0.536191796,0.028219683,0.05262983,5.487422581
Barchart,0.2,0.947205549,0.640070764,0.675746426,5.57590655
Barchart,0.6,0.502030244,0.208105991,0.414528792,4.222813892
Barchart,0.8,0.421794182,0.294893992,0.699141915,3.352025199
Barchart,0.9,0.727543083,0.689695806,0.947979332,2.299518149
Piechart,0.85,0.793300146,0.606555967,0.76459833,3.115227551
Piechart,0.75,0.986788126,0.869484876,0.881126205,3.726571906
Piechart,0.95,0.573565235,0.564480864,0.984161572,1.8242209
Piechart,0.15,0.681505324,0.119514726,0.175368734,1.412441973
Piechart,0.07,0.76875782,0.063083326,0.082058776,0.41237787
Piechart,0.7,0.677170694,0.001413537,0.002087416,6.127556075
Piechart,0.05,0.523112114,0.029915581,0.057187705,-0.245077398
Piechart,0.8,0.986292559,0.824320256,0.835776614,1.888562641
Piechart,0.5,0.869108614,0.442431084,0.509063053,0.044471487
Piechart,0.8,0.374938156,0.284061048,0.757621073,2.125284988
Piechart,0.25,0.630238459,0.120046428,0.190477789,2.60341178
Piechart,0.75,0.864185375,0.70055595,0.810654716,2.630049325
Piechart,0.5,0.761821465,0.386435983,0.507252684,-0.234009721
Piechart,0.85,0.639889341,0.57028462,0.891223816,2.086573718
Piechart,0.6,0.252707658,0.15955995,0.631401324,1.70714148
Piechart,0.85,0.959779407,0.872748335,0.909321797,2.598646221
Piechart,0.7,0.666102132,0.087765263,0.131759468,5.831599951
Piechart,0.15,0.332037398,0.074980224,0.225818611,2.946143386
Piechart,0.9,0.589814373,0.507224844,0.859973692,2.045313918
Piechart,0.9,0.235779136,0.170971064,0.725132288,4.1384681
Boxplot,0.5,0.900016928,0.501521596,0.557235737,2.54808483
Boxplot,0.25,0.65799798,0.163524126,0.248517672,-1.87179756
Boxplot,0.25,0.734429342,0.271069781,0.369088986,3.589032198
Boxplot,0.98,0.860047679,0.809369724,0.941075412,2.006283239
Boxplot,0.95,0.947939516,0.91896152,0.969430543,1.048274082
Boxplot,0.8,0.748756854,0.681014282,0.909526609,3.469581373
Boxplot,0.9,0.31018972,0.308741572,0.995331411,3.271745538
Boxplot,0.75,0.634901055,0.52972036,0.834335296,3.097362962
Boxplot,0.33,0.894083131,0.348247004,0.389501816,2.602927545
Boxplot,0.66,0.975470311,0.728202453,0.746514214,3.133632805
Boxplot,0.3,0.788687051,0.294078054,0.372870398,2.88987062
Boxplot,0.6,0.725080825,0.45398281,0.626113386,1.452246744
Boxplot,0.8,0.831416803,0.761979779,0.916483497,3.557452946
Boxplot,0.9,0.737485062,0.700541426,0.949905919,2.354901177
Boxplot,0.9,0.64666123,0.639233965,0.988514443,3.166144078
Boxplot,0.95,0.741005035,0.643914764,0.868974884,3.040456164
Boxplot,0.6,0.737075147,0.466033228,0.632273696,1.745181225
Boxplot,0.7,0.785798672,0.611501698,0.77819131,2.989889413
Boxplot,0.4,0.942565845,0.442364624,0.469319599,2.819046808
Boxplot,0.9,0.432846436,0.406167154,0.93836317,1.985980149
Barchart,0.1,0.915226586,0.336323051,0.367475176,4.748059586
Barchart,0.55,0.519842672,0.131355966,0.252684077,4.899977609
Barchart,0.5,0.547785563,0.086282229,0.157510959,5.103241812
Barchart,0.8,0.267277408,0.086940255,0.325280973,5.572795791
Barchart,0.3,0.806833248,0.336256902,0.416761335,3.560853536
Barchart,0.28,0.788311225,0.272969753,0.346271554,2.755348114
Barchart,0.5,0.547902379,0.020520149,0.0374522,5.535424073
Barchart,0.6,0.687045097,0.439043427,0.639031454,2.010115752
Barchart,0.6,0.452827249,0.029397479,0.064919855,5.745049439
Barchart,0.1,0.948565252,0.353839924,0.373026445,4.777558825
Barchart,0.9,0.103147009,0.017567086,0.170311151,6.191678809
Barchart,0.33,0.672675359,0.014317361,0.021284207,4.954037108
Barchart,0.65,0.550876981,0.294532623,0.534661336,3.543355619
Barchart,0.25,0.736289667,0.06091921,0.082738102,4.074778553
Barchart,0.75,0.2481454,0.013215232,0.053256004,6.125142721
Barchart,0.25,0.796272185,0.276472962,0.347209117,3.299524795
Barchart,0.3,0.899615434,0.624067139,0.693704349,5.303614004
Barchart,0.45,0.751660398,0.433041307,0.576112974,3.670874025
Barchart,0.9,0.651543679,0.620952955,0.95304885,2.440921655
Barchart,0.55,0.735910755,0.505940471,0.687502483,3.794441682
Piechart,0.66,0.884421564,0.569568084,0.644000675,0.78653994
Piechart,0.5,0.709446968,0.404037014,0.569509819,2.82293035
Piechart,0.75,0.89219023,0.551719483,0.618387721,3.731859661
Piechart,0.5,0.337109079,0.092330889,0.273890246,4.506904995
Piechart,0.01,0.77232054,0.026351655,0.034120102,1.343129295
Piechart,0.33,0.447665022,0.298536766,0.666875345,5.079486257
Piechart,0.75,0.993765656,0.64946772,0.653542127,3.288474821
Piechart,0.1,0.829120834,0.111240263,0.134166527,1.824422736
Piechart,0.75,0.699984451,0.556754706,0.795381533,2.221305861
Piechart,0.05,0.980119905,0.063129441,0.064409916,0.647076481
Piechart,0.01,0.831597614,0.025762777,0.030979859,1.152498794
Piechart,0.2,0.485970112,0.098780098,0.20326373,-1.14760803
Piechart,0.8,0.568374416,0.450398337,0.792432461,-0.181552081
Piechart,0.66,0.980717768,0.627450157,0.639786672,1.101873802
Piechart,0.9,0.554694134,0.432704572,0.780077787,3.598986997
Piechart,0.75,0.977706501,0.600858113,0.614558778,3.772848693
Piechart,0.2,0.797060915,0.184881976,0.231954638,1.731384758
Piechart,0.66,0.631191614,0.297043176,0.470606975,4.252801843
Piechart,0.9,0.316593413,0.270604671,0.85473879,2.217578479
Piechart,0.95,0.801078679,0.796814093,0.994676445,2.199325115
Boxplot,0.4,0.774877839,0.290333166,0.374682501,1.409662446
Boxplot,0.5,0.559470525,0.291843188,0.521641758,1.194828259
Boxplot,0.5,0.498425576,0.267917273,0.537527137,1.955206294
Boxplot,0.66,0.670725306,0.409415776,0.610407528,2.346034171
Boxplot,0.66,0.734927243,0.43889138,0.597190244,2.679418313
Boxplot,0.9,0.827609823,0.720173536,0.870184857,1.635296695
Boxplot,0.99,0.514445285,0.514344235,0.999803576,0.144513174
Boxplot,0.66,0.699029021,0.435722253,0.623324983,1.923149819
Boxplot,0.9,0.909115306,0.828111255,0.910897935,0.280711063
Boxplot,0.95,0.713413633,0.651851118,0.913707123,1.908539195
Boxplot,0.8,0.774656819,0.64078216,0.827181979,1.5075145
Boxplot,0.75,0.803798433,0.657363097,0.817820824,2.788076438
Boxplot,0.9,0.687852455,0.654212593,0.951094364,2.388034221
Boxplot,0.9,0.739918097,0.64047304,0.865599913,1.833905604
Boxplot,0.75,0.846266806,0.617590752,0.729782554,1.102150536
Boxplot,0.9,0.828188858,0.711797918,0.859463288,2.063044253
Boxplot,0.8,0.615830075,0.492167215,0.799193211,-2.281534007
Boxplot,0.75,0.884962362,0.639165555,0.722251683,1.535969182
Boxplot,0.9999999,0.828158952,0.815752645,0.985019413,0.698706265
Boxplot,0.4,0.938565354,0.396048229,0.421971925,1.215487575
Barchart,0.9,0.613580931,0.560593218,0.913641852,0.574523215
Barchart,0.4,0.804638718,0.234447611,0.291370034,3.457856458
Barchart,0.66,0.853392853,0.659908238,0.773276031,3.517603649
Barchart,0.01,0.997990271,0.610730599,0.611960473,5.914589573
Barchart,0.4,0.708759236,0.26260701,0.370516526,1.619810838
Barchart,0.5,0.539368995,0.078601333,0.145728312,5.151865668
Barchart,0.66,0.455862616,0.201267503,0.441509121,4.457731377
Barchart,0.4,0.816553374,0.322792745,0.395311262,-0.751771743
Barchart,0.7,0.358960404,0.002308613,0.006431386,6.118564499
Barchart,0.95,0.239715575,0.204143092,0.851605459,3.316790776
Barchart,0.75,0.637707444,0.43073026,0.675435521,2.9224734
Barchart,0.66,0.592040311,0.279962607,0.47287761,4.235515615
Barchart,0.66,0.674418714,0.470481086,0.697609772,1.958277438
Barchart,0.4,0.896205886,0.671850013,0.749660345,5.133030575
Barchart,0.01,0.996002167,0.052311837,0.05252181,2.130002049
Barchart,0.05,0.976690329,0.510405054,0.52258637,5.566317035
Barchart,0.33,0.929260899,0.756656491,0.814256246,5.601417951
Barchart,0.5,0.575842312,0.211702312,0.367639383,3.739962746
Barchart,0.6,0.562184525,0.231590401,0.411947307,4.242623033
Barchart,0.75,0.78024554,0.683252849,0.875689529,3.666069486
Piechart,0.09,0.094667869,0.0213567,0.225596077,3.774482175
Piechart,0.4,0.430822079,0.388274702,0.90124142,5.651027057
Piechart,0.9,0.646940994,0.575952827,0.890271034,0.134742247
Piechart,0.04,0.760218588,0.032432521,0.0426621,-1.353985017
Piechart,0.03,0.732175758,0.023923697,0.032674801,-1.34930871
Piechart,0.9,0.353305911,0.35050618,0.992075618,3.222273153
Piechart,0.2,0.512766288,0.13587816,0.264990432,2.727712087
Piechart,0.03,0.665728012,0.031014634,0.046587545,0.834917091
Piechart,0.6,0.751070656,0.408025402,0.543258345,2.53584531
Piechart,0.07,0.892137143,0.067670922,0.0758526,-0.493580907
Piechart,0.7,0.716657074,0.492403348,0.687083636,0.502469565
Piechart,0.04,0.302646612,0.02253736,0.074467578,1.836634273
Piechart,0.333,0.788595941,0.369995244,0.469182283,3.780649029
Piechart,0.09,0.885046449,0.128629105,0.145335993,2.500444983
Piechart,0.9,0.510577489,0.382323352,0.748805736,3.930209965
Piechart,0.333,0.973901061,0.434173886,0.445809028,3.511708739
Piechart,0.6,0.749382735,0.471323859,0.62894945,1.594522253
Piechart,0.08,0.3345232,0.028813145,0.086131978,-0.43792059
Piechart,0.27,0.981107674,0.319685314,0.325841213,2.513268712
Piechart,0.9,0.367124175,0.318929975,0.868725071,1.701545916
Boxplot,0.8,0.851918567,0.693751311,0.814339935,0.640614886
Boxplot,0.8,0.879037097,0.770453831,0.876474763,2.958374304
Boxplot,0.7,0.649021391,0.490467969,0.755703858,2.50979357
Boxplot,0.8,0.869795423,0.618593432,0.711194168,3.170819712
Boxplot,0.95,0.57191478,0.517002299,0.903984854,2.240776724
Boxplot,0.5,0.774003105,0.384641735,0.496951153,-1.217978171
Boxplot,0.6,0.628037082,0.415872591,0.662178401,2.665128977
Boxplot,0.8,0.622030213,0.477395006,0.767478808,1.755793096
Boxplot,0.6,0.783681477,0.514473617,0.656483063,2.529397781
Boxplot,0.5,0.81129003,0.434672529,0.535779454,1.888673264
Boxplot,0.8,0.690655161,0.548321179,0.793914546,-0.447041908
Boxplot,0.45,0.878275899,0.441502498,0.502692262,2.431416025
Boxplot,0.8,0.863587066,0.626108899,0.725009584,2.930555999
Boxplot,0.6,0.874964115,0.52380526,0.598659135,-1.948494188
Boxplot,0.85,0.7043272,0.57480537,0.816105598,1.813294921
Boxplot,0.15,0.972869912,0.21985943,0.225990574,2.949358889
Boxplot,0.9,0.893154333,0.712094093,0.797280007,3.3780953
Boxplot,0.8,0.785142691,0.653828332,0.832750964,1.765575633
Boxplot,0.85,0.930107059,0.741396944,0.797109254,2.436714777
Boxplot,0.6,0.899301743,0.494705512,0.550099581,2.354746069
Barchart,0.15,0.879151863,0.233174756,0.265226937,3.541972417
Barchart,0.8,0.890455204,0.830073198,0.932189732,3.738116386
Barchart,0.98,0.172409732,0.143915634,0.834730341,3.873022347
Barchart,0.25,0.802282301,0.260660621,0.324898879,2.928822808
Barchart,0.95,0.493481709,0.419678179,0.850443232,3.333520592
Barchart,0.8,0.829686503,0.760034815,0.916050596,3.552138434
Barchart,0.7,0.801099444,0.679647087,0.848392908,3.903452003
Barchart,0.08,0.979067138,0.593948826,0.606647698,5.722186471
Barchart,0.92,0.327028257,0.161774783,0.494681359,5.414706006
Barchart,0.99,0.071469472,0.037020916,0.517996217,5.564542133
Barchart,0.4,0.78592357,0.365179951,0.464650718,2.720294188
Barchart,0.9,0.737054428,0.691523681,0.938226072,1.980978443
Barchart,0.11,0.935223695,0.423962794,0.453327687,5.106757378
Barchart,0.99,0.169343065,0.163250889,0.964024648,1.444950691
Barchart,0.23,0.862361936,0.468088841,0.542798588,4.972915877
Barchart,0.36,0.657842095,0.07187971,0.109265902,4.655260784
Barchart,0.5,0.567580136,0.112804429,0.19874626,4.918881074
Barchart,0.8,0.650153465,0.529407751,0.814281211,0.635170358
Barchart,0.98,0.214691118,0.175911339,0.819369431,4.016857922
Barchart,0.75,0.664517151,0.462461777,0.695936555,2.46763021
Piechart,0.33,0.1957649,0.073249007,0.374168237,2.183271698
Piechart,0.5,0.894871868,0.446467002,0.49891724,-2.099890011
Piechart,0.9,0.849567233,0.83125588,0.978446258,2.994511991
Piechart,0.8,0.872334539,0.482538789,0.553157955,4.632803573
Piechart,0.5,0.966912822,0.674730305,0.697819172,4.315197913
Piechart,0.33,0.220160972,0.10182192,0.462488511,3.741343054
Piechart,0.5,0.739710448,0.332874818,0.450006916,2.357357307
Piechart,0.2,0.754129583,0.125072659,0.165850354,1.823734913
Piechart,0.15,0.944840668,0.16147113,0.170897735,1.147159146
Piechart,0.33,0.69709671,0.307450231,0.441043871,3.489207282
Piechart,0.7,0.637951738,0.468131285,0.733803605,1.809562822
Piechart,0.9,0.853448542,0.816301571,0.956474271,2.529178037
Piechart,0.9,0.950916588,0.87808323,0.923407207,1.302009372
Piechart,0.01,0.890050379,0.010449629,0.011740492,-1.741545321
Piechart,0.9,0.431974636,0.41755213,0.966612609,2.762616888
Piechart,0.95,0.920412219,0.841745223,0.914530691,1.876538906
Piechart,0.4,0.653052479,0.364531927,0.558196988,3.995004937
Piechart,0.65,0.4022931,0.292467664,0.727001442,2.968117336
Piechart,0.05,0.612916321,0.014353493,0.023418356,1.47672613
Piechart,0.33,0.872710114,0.439279807,0.503351342,4.125992744
Boxplot,0.8,0.877186758,0.753957336,0.859517463,2.603299058
Boxplot,0.3,0.864478823,0.593403136,0.686428771,5.27678983
Boxplot,0.7,0.679781398,0.597150653,0.878445122,4.16747934
Boxplot,0.9,0.691205867,0.632283493,0.914754234,0.678453609
Boxplot,0.5,0.593577735,0.360446776,0.607244434,3.43954913
Boxplot,0.9,0.812388168,0.811221565,0.998563983,3.319241938
Boxplot,0.6,0.788923536,0.535491865,0.678762695,3.000228914
Boxplot,0.8,0.706910878,0.612424744,0.866339397,2.756796949
Boxplot,0.2,0.752407219,0.154649506,0.205539636,-0.558593787
Boxplot,0.9,0.696014723,0.680244347,0.977341893,2.97438051
Boxplot,0.7,0.446171217,0.321528079,0.720638325,1.130161558
Boxplot,0.8,0.61123842,0.570838638,0.933905035,3.756543356
Boxplot,0.7,0.669736332,0.463860378,0.692601485,-0.209475655
Boxplot,0.6,0.939532518,0.600046535,0.638664999,1.996930965
Boxplot,0.8,0.903457822,0.660147536,0.730689934,2.818851914
Boxplot,0.5,0.661326376,0.4034331,0.610036307,3.476204183
Boxplot,0.9,0.615510909,0.608301816,0.988287628,3.162494106
Boxplot,0.95,0.726012739,0.687050953,0.946334569,-1.024610215
Boxplot,0.4,0.626950181,0.2833121,0.451889334,2.409780137
Boxplot,0.9,0.515871158,0.390356032,0.756692878,3.853567779
Barchart,0.2,0.871941049,0.406455024,0.466149661,4.740925729
Barchart,0.1,0.995957954,0.811645361,0.814939384,6.162269228
Barchart,0.65,0.445282438,0.170129807,0.382071674,4.750490344
Barchart,0.5,0.778828364,0.607053711,0.77944479,4.810930381
Barchart,0.8,0.266344563,0.011461457,0.043032442,6.244539961
Barchart,0.85,0.56697748,0.466086392,0.822054504,1.545745799
Barchart,0.2,0.923845938,0.47885302,0.518325622,4.998085455
Barchart,0.8,0.528914989,0.417735487,0.789797029,0.195721918
Barchart,0.45,0.621175377,0.075410267,0.121399318,5.043741181
Barchart,0.85,0.407383852,0.304210974,0.746742839,3.385529902
Barchart,0.8,0.686986543,0.503434304,0.73281538,2.774726354
Barchart,0.8,0.79847332,0.720173381,0.901937939,3.367202453
Barchart,0.9,0.803782933,0.787999965,0.980364142,3.02881917
Barchart,0.55,0.508156027,0.072027301,0.141742491,5.355818002
Barchart,0.95,0.916444143,0.901245797,0.983415961,1.793519742
Barchart,0.6,0.608304245,0.019042215,0.031303767,5.83275392
Barchart,0.7,0.509660972,0.071834206,0.140945079,5.808140257
Barchart,0.1,0.976336109,0.17948806,0.183838391,3.088962319
Barchart,0.1,0.993958433,0.907695602,0.913212839,6.34777697
Barchart,0.9,0.165584122,0.08897539,0.537342525,5.185499781
Piechart,0.8,0.330597244,0.251456969,0.760614233,2.022750139
Piechart,0.25,0.626225174,0.177022875,0.282682463,1.76266617
Piechart,0.1,0.411138575,0.068886797,0.167551285,2.782435516
Piechart,0.8,0.384920083,0.300198993,0.779899533,1.094267635
Piechart,0.5,0.367139432,0.206365562,0.562090432,2.663126704
Piechart,0.05,0.479240854,0.034421532,0.07182512,1.206338131
Piechart,0.9,0.85857629,0.001869483,0.002177422,6.490365677
Piechart,0.8,0.455299678,0.320697661,0.704366105,3.276256872
Piechart,0.15,0.891185928,0.111094499,0.124659171,1.41092876
Piechart,0.5,0.957071538,0.498637776,0.521003662,1.154042792
Piechart,0.1,0.735959232,0.105327326,0.143115707,2.14944495
Piechart,0.85,0.977112036,0.853400505,0.873390638,1.301039611
Piechart,0.99,0.118922499,0.115288819,0.96944498,1.124660304
Piechart,0.2,0.440409195,0.097802954,0.222072915,1.221748092
Piechart,0.1,0.419120055,0.097634897,0.2329521,3.746335341
Piechart,0.2,0.481501016,0.137014157,0.28455632,3.101083909
Piechart,0.5,0.634762969,0.264461584,0.416630454,3.080990939
Piechart,0.33,0.53533791,0.224545132,0.419445602,3.181032587
Piechart,0.5,0.662769733,0.43283657,0.653072323,3.947874861
Piechart,0.5,0.850981156,0.504426827,0.592759104,3.232800471
Boxplot,0.5,0.723857625,0.468955732,0.647856313,3.898269436
Boxplot,0.8,0.588502348,0.560778911,0.952891543,3.946183835
Boxplot,0.7,0.747949044,0.646237495,0.864012729,4.046689495
Boxplot,0.8,0.907958022,0.736730423,0.81141463,0.340804979
Boxplot,0.5,0.868016955,0.632693917,0.728895805,4.524476241
Boxplot,0.5,0.76347131,0.483380707,0.633135391,3.748304406
Boxplot,0.6,0.979447897,0.649321318,0.662946258,2.682489198
Boxplot,0.33,0.740038529,0.307029314,0.414882878,3.106564032
Boxplot,0.5,0.900395069,0.521866803,0.57959758,3.015204587
Boxplot,0.5,0.960344971,0.464558013,0.483740767,0.808115924
Boxplot,0.5,0.769209962,0.444554747,0.577936804,2.985260026
Boxplot,0.95,0.952558754,0.91730993,0.962995643,0.510520777
Boxplot,0.9,0.920870583,0.847335065,0.920145654,1.09731781
Boxplot,0.85,0.703691137,0.632866626,0.899352845,2.339218511
Boxplot,0.99,0.657177335,0.629349284,0.957655188,1.748238445
Boxplot,0.5,0.837126119,0.498796634,0.59584407,3.279383191
Boxplot,0.66,0.755606991,0.400105509,0.529515361,3.719562838
Boxplot,0.75,0.894656637,0.763880792,0.853825658,3.393356588
Boxplot,0.7,0.641524739,0.479527476,0.747480879,2.28483625
Boxplot,0.85,0.611247787,0.514226998,0.841274207,-0.003496592
Barchart,0.95,0.911424143,0.907309684,0.995485682,2.224524443
Barchart,0.2,0.78827698,0.150232767,0.19058373,0.093055742
Barchart,0.33,0.778645066,0.35425287,0.454960657,3.657761825
Barchart,0.6,0.535651873,0.404876438,0.755857411,3.973679333
Barchart,0.75,0.789435781,0.710087512,0.899487367,3.91396519
Barchart,0.66,0.363987619,0.100746038,0.276784244,5.2647832
Barchart,0.8,0.462886219,0.36264172,0.783435982,0.833012923
Barchart,0.5,0.636211489,0.304239419,0.478204848,1.204463254
Barchart,0.05,0.991333425,0.559454584,0.564345527,5.688167843
Barchart,0.15,0.834638264,0.02081148,0.02493473,3.658957148
Barchart,0.1,0.956776003,0.52421582,0.547898169,5.489119547
Barchart,0.99999,0.374870449,0.347918491,0.928103273,2.870596059
Barchart,0.33,0.647747388,0.006189469,0.009555375,5.007619924
Barchart,0.15,0.852211126,0.002590636,0.003039899,3.889571866
Barchart,0.7,0.703615033,0.600839059,0.853931526,3.955884913
Barchart,0.99999999,0.020676034,0.020314361,0.982507614,0.906303827
Barchart,0.66,0.668467389,0.487594789,0.729421955,2.821137814
Barchart,0.95,0.214860369,0.181409113,0.844311654,3.418707365
Barchart,0.5,0.555418459,0.206630162,0.372026098,3.691801035
Barchart,0.9,0.149900316,0.099848768,0.66610112,4.555502557
Piechart,0.85,0.076608878,0.072845008,0.95086901,3.352179558
Piechart,0.05,0.845413115,0.054973701,0.065025844,0.702732333
Piechart,0.5,0.423767446,0.231175738,0.545525005,2.225737803
Piechart,0.2,0.148073584,0.037029149,0.250072622,2.35959489
Piechart,0.5,0.389024525,0.354831357,0.912105366,5.369310709
Piechart,0.75,0.260244728,0.202103673,0.776590845,1.477203002
Piechart,0.9,0.287438923,0.276764338,0.96286312,2.680619625
Piechart,0.1,0.11838111,0.085789609,0.724690017,5.967952507
Piechart,0.01,0.146574775,0.004803999,0.032775076,1.264540995
Piechart,0.075,0.20867276,0.020200129,0.096802903,1.204948451
Piechart,0.2,0.289692144,0.067126147,0.231715455,1.720954986
Piechart,0.75,0.852827958,0.689689248,0.808708535,2.583965142
Piechart,0.6,0.644892723,0.490086321,0.759950148,4.010781166
Piechart,0.75,0.997008948,0.667617217,0.669620085,3.029097953
Piechart,0.75,0.529569747,0.343530593,0.648697542,3.358290161
Piechart,0.1,0.82438344,0.069027647,0.083732452,0.808800869
Piechart,0.35,0.986931256,0.360627742,0.365403102,0.735790907
Piechart,0.75,0.961506511,0.680355989,0.707593741,2.126188519
Piechart,0.8,0.748416486,0.409149999,0.546687581,4.669947545
Piechart,0.95,0.057046459,0.050163567,0.879345851,2.846075024
Boxplot,0.35,0.568104333,0.390977402,0.688214081,5.085187026
Boxplot,0.9,0.820606314,0.616247777,0.750966409,3.909615588
Boxplot,0.5,0.756789101,0.413827666,0.54682033,2.265146708
Boxplot,0.85,0.695647897,0.689974576,0.991844551,3.83889683
Boxplot,0.6,0.736702721,0.546971125,0.742458402,3.845072507
Boxplot,0.9,0.900081661,0.666618255,0.740619751,4.005671696
Boxplot,0.8,0.578492903,0.270820584,0.468148499,5.057889949
Boxplot,0.6,0.613506746,0.544725594,0.887888515,4.853688895
Boxplot,0.9,0.602523993,0.541156441,0.898149197,-1.689286212
Boxplot,0.7,0.73424833,0.663615461,0.903802478,4.357921276
Boxplot,0.2,0.780659813,0.740961655,0.949147942,6.229583966
Boxplot,0.2,0.736782729,0.555408281,0.753829126,5.794621535
Boxplot,0.5,0.526651481,0.505585837,0.960000789,5.527479474
Boxplot,0.6,0.665242822,0.645562912,0.970416952,5.215938509
Boxplot,0.3,0.807857752,0.617129316,0.763908392,5.539650149
Boxplot,0.5,0.303176745,0.250400779,0.825923438,5.03198372
Boxplot,0.5,0.632010734,0.460937011,0.729318327,4.527122437
Boxplot,0.5,0.836700779,0.536432257,0.641127952,3.831653852
Boxplot,0.8,0.59874949,0.514920869,0.859993833,2.614564573
Boxplot,0.3,0.971463831,0.285542581,0.293930224,-0.450128512
Barchart,0.15,0.873368546,0.14461524,0.165583293,0.751317459
Barchart,0.15,0.951168337,0.589314379,0.619568962,5.557100519
Barchart,0.4,0.744511032,0.355627653,0.477666062,2.98031897
Barchart,0.95,0.760176741,0.747185673,0.982910464,1.772327553
Barchart,0.95,0.394740491,0.364311862,0.922914853,1.502592696
Barchart,0.65,0.408091855,0.020365404,0.049903972,5.910123485
Barchart,0.15,0.817447323,0.113116555,0.138377791,0.36425965
Barchart,0.6,0.686830002,0.467165863,0.680176844,3.025504493
Barchart,0.4,0.890674071,0.695831345,0.781241273,5.257354925
Barchart,0.65,0.659755637,0.488263927,0.740067836,3.190896675
Barchart,0.75,0.927043519,0.894929977,0.965359186,4.43702252
Barchart,0.8,0.550892524,0.400122218,0.726316297,2.905614755
Barchart,0.35,0.772560607,0.061612825,0.079751445,4.762872615
Barchart,0.15,0.88847545,0.402723398,0.453274649,4.928487103
Barchart,0.8,0.419332374,0.182378283,0.434925358,5.195050846
Barchart,0.9,0.788596682,0.734727831,0.931690239,1.719851014
Barchart,0.1,0.907974243,0.111439278,0.122733964,1.262070111
Barchart,0.1,0.943140116,0.357395514,0.378942119,4.808344474
Barchart,0.1,0.937382653,0.316664449,0.337817697,4.579347302
Barchart,0.25,0.756208735,0.130208366,0.172185747,2.983025569
Piechart,0.9,0.861616803,0.683612438,0.793406577,3.43086629
Piechart,0.9,0.919776748,0.810112401,0.88077069,1.034167123
Piechart,0.75,0.77346882,0.494273708,0.639035078,3.488192626
Piechart,0.25,0.809550059,0.309638967,0.382482793,3.741281369
Piechart,0.125,0.572934735,0.120588633,0.21047534,3.11645359
Piechart,0.33,0.384796353,0.126584157,0.328964024,-2.129117714
Piechart,0.66,0.974567516,0.649931446,0.66689217,-0.296514726
Piechart,0.5,0.514211638,0.499167402,0.970743105,5.560693879
Piechart,0.33,0.756411059,0.28664374,0.378952339,2.327754573
Piechart,0.99,0.856927544,0.791300368,0.923415724,2.762014448
Piechart,0.75,0.675398026,0.4183996,0.619485969,3.719884697
Piechart,0.05,0.399665444,0.007356134,0.018405729,1.715641757
Piechart,0.8,0.891515992,0.747745071,0.838734333,1.999434833
Piechart,0.11,0.839379421,0.178760899,0.212967932,3.381531629
Piechart,0.95,0.414162565,0.409035862,0.987621522,1.958713607
Piechart,0.8,0.890100452,0.607379954,0.682372368,3.571405373
Piechart,0.6,0.918953197,0.603598239,0.656832406,2.538101217
Piechart,0.25,0.689761495,0.21095382,0.30583589,2.513134188
Piechart,0.9,0.405490262,0.288127261,0.71056518,4.253118094
Piechart,0.8,0.46740051,0.407862895,0.872619703,2.884982778
Boxplot,0.5,0.614015062,0.329047662,0.535895097,1.893171801
Boxplot,0.75,0.705114637,0.637885484,0.904655004,3.962595325
Boxplot,0.66,0.811024131,0.589849763,0.727290028,2.77694678
Boxplot,0.6,0.705273283,0.517794085,0.734175103,3.759423281
Boxplot,0.9,0.981334611,0.867775701,0.884281153,0.762888567
Boxplot,0.9,0.775044016,0.448934524,0.579237456,5.009044984
Boxplot,0.7,0.947416734,0.697573849,0.736290403,1.908444144
Boxplot,0.95,0.885604424,0.568499208,0.641933568,4.951011573
Boxplot,0.95,0.57019599,0.517452211,0.90749886,2.129320617
Boxplot,0.93,0.944781896,0.84428203,0.893626385,1.911638472
Boxplot,0.68,0.669237137,0.558731424,0.834878092,3.964658237
Boxplot,0.33,0.704884768,0.27627738,0.391946873,2.659853164
Boxplot,0.6,0.987705313,0.80038652,0.810349514,4.403264406
Boxplot,0.85,0.566398622,0.4950047,0.873951103,1.333486853
Boxplot,0.65,0.728933426,0.388543368,0.533029978,3.563402488
Boxplot,0.9,0.623109167,0.549821551,0.882383987,0.915789536
Boxplot,0.75,0.871771773,0.646570362,0.74167389,-0.06248831
Boxplot,0.95,0.754502614,0.720628124,0.955103549,-0.654365431
Boxplot,0.95,0.64975746,0.629498276,0.96882039,1.005068665
Boxplot,0.8,0.63093232,0.511667718,0.810970847,0.289344321
Barchart,0.1,0.920706099,0.186107565,0.202135693,3.369964648
Barchart,0.15,0.982691357,0.643366772,0.654698719,5.660919261
Barchart,0.4,0.68617744,0.074633516,0.108767079,4.870280481
Barchart,0.12,0.967521177,0.316256054,0.326872488,4.379360951
Barchart,0.25,0.969439602,0.89008243,0.91814119,6.064777659
Barchart,0.12,0.973758146,0.302100571,0.310241893,4.259211411
Barchart,0.8,0.69836703,0.582518167,0.834114646,1.822307808
Barchart,0.66,0.722434833,0.58125544,0.80457837,3.866199508
Barchart,0.5,0.850501242,0.70676412,0.830997164,5.054184982
Barchart,0.9,0.923710851,0.916223094,0.991893831,3.219460219
Barchart,0.25,0.811345619,0.154877281,0.190889403,2.593607081
Barchart,0.75,0.449538185,0.08611133,0.191555097,5.806568706
Barchart,0.8,0.569857959,0.420194317,0.737366759,2.675437499
Barchart,0.75,0.614317691,0.498313625,0.811166002,2.641915948
Barchart,0.5,0.599362831,0.070241885,0.117194263,5.263243795
Barchart,0.22,0.860528807,0.324539341,0.377139426,3.985404122
Barchart,0.75,0.717729544,0.562413663,0.783601104,1.801204372
Barchart,0.8,0.387153711,0.213229271,0.550761273,4.646673774
Barchart,0.15,0.957090763,0.375059863,0.391874917,4.603625852
Barchart,0.25,0.780689518,0.146902275,0.188169908,2.657184758
Piechart,0.9,0.043798675,0.005932013,0.135438188,6.258918008
Piechart,0.7,0.652161277,0.521670875,0.79991084,3.338579013
Piechart,0.35,0.946769503,0.438861822,0.463536078,3.520875762
Piechart,0.85,0.994007704,0.621394632,0.625140659,4.498948687
Piechart,0.95,0.812507607,0.700986099,0.862744045,3.145774536
Piechart,0.25,0.843677971,0.324706025,0.384869626,3.766803185
Piechart,0.85,0.998358098,0.902142649,0.903626315,2.456183595
Piechart,0.8,0.49819038,0.366985621,0.736637308,2.691817576
Piechart,0.3,0.316414463,0.203924064,0.644484017,5.111590654
Piechart,0.2,0.853941141,0.237215115,0.277788601,2.982557409
Piechart,0.05,0.80017677,0.042556404,0.053183754,-1.173399379
Piechart,0.55,0.565805347,0.361456596,0.638835596,3.171296442
Piechart,0.3,0.783642707,0.251453784,0.320878101,1.145879639
Piechart,0.99,0.930609489,0.902051087,0.969312153,1.133421968
Piechart,0.1,0.797101054,0.131514949,0.164991563,2.727736712
Piechart,0.2,0.381348224,0.103016378,0.270137297,2.83566737
Piechart,0.3,0.942288934,0.384643445,0.408201169,3.452215462
Piechart,0.7,0.771475885,0.562465742,0.729077542,1.600628585
Piechart,0.7,0.819960054,0.546919901,0.667007981,1.775767751
Piechart,0.35,0.952496762,0.302649469,0.317743305,1.744449392
Boxplot,0.5,0.784986409,0.503206859,0.641038945,3.830751669
Boxplot,0.9,0.974937119,0.943967981,0.968234733,2.79669603
Boxplot,0.85,0.746329571,0.736792426,0.98722127,3.791514768
Boxplot,0.85,0.790239514,0.672413395,0.850898218,-2.218787522
Boxplot,0.95,0.785021782,0.441075593,0.561864145,5.283128571
Boxplot,0.45,0.648926657,0.363298051,0.559844548,3.473716118
Boxplot,0.4,0.847520268,0.573310948,0.676456918,4.79549121
Boxplot,0.7,0.787874772,0.772095701,0.979972616,4.813640717
Boxplot,0.15,0.766464815,0.646108147,0.842971698,6.117324553
Boxplot,0.25,0.670215487,0.427183269,0.637381973,5.280332691
Boxplot,0.3,0.892834739,0.562621745,0.630152166,5.050511127
Boxplot,0.2,0.98411066,0.904173124,0.918771802,6.169968687
Boxplot,0.9,0.819487968,0.688777543,0.840497445,2.602945077
Boxplot,0.7,0.809312766,0.55259713,0.68279799,0.883777951
Boxplot,0.5,0.681544489,0.362115823,0.531316486,1.703388065
Boxplot,0.4,0.852146798,0.519371992,0.609486526,4.397368488
Boxplot,0.3,0.307443462,0.281838243,0.916715682,5.949454816
Boxplot,0.15,0.832396627,0.724683741,0.870599084,6.173625341
Boxplot,0.8,0.828240382,0.750097692,0.905652161,3.418219107
Boxplot,0.7,0.884480397,0.76234248,0.861909979,4.028215322
Barchart,0.15,0.865253841,0.154940958,0.179069945,1.600267127
Barchart,0.99,0.070892157,0.061221481,0.863586104,3.67427868
Barchart,0.75,0.753615868,0.642864556,0.853040102,3.382530329
Barchart,0.1,0.994419683,0.930505948,0.935727605,6.387117116
Barchart,0.35,0.685574337,0.183656235,0.267886683,3.059412678
Barchart,0.5,0.356928042,0.348561212,0.976558778,5.578361452
Barchart,0.9,0.451837712,0.380928267,0.84306435,2.540663398
Barchart,0.7,0.769444048,0.683714831,0.88858291,4.246658216
Barchart,0.85,0.576751513,0.516743509,0.895955186,2.238945364
Barchart,0.35,0.695969955,0.162676048,0.233740044,3.554711092
Barchart,0.55,0.653218751,0.355239569,0.543829411,-0.43039444
Barchart,0.25,0.77345008,0.019590109,0.025328214,4.497751493
Barchart,0.25,0.87196214,0.484974121,0.556187131,4.942219513
Barchart,0.95,0.559104868,0.539635953,0.965178418,0.716193597
Barchart,0.55,0.606058201,0.242757696,0.400551788,3.913590395
Barchart,0.15,0.925923544,0.387446145,0.418442913,4.753245704
Barchart,0.2,0.884830461,0.394540551,0.445893952,4.627279698
Barchart,0.8,0.483603481,0.343467941,0.710226362,3.186241253
Barchart,0.97,0.521212787,0.509012091,0.976591719,-0.350758185
Barchart,0.3,0.864849561,0.464878196,0.537524925,4.577579436
