Type,Response,Actual Max,Actual Min,Actual Dif,Error,cm-error
Piechart,0.9,0.8616168027219142,0.6836124380732194,0.7934065769302951,0.10659342306970487,3.4308662899851936
Piechart,0.9,0.9197767478126032,0.8101124006232905,0.8807706897895445,0.019229310210455486,1.0341671229202132
Piechart,0.75,0.7734688201189057,0.4942737079393325,0.6390350781862773,0.11096492181372275,3.4881926264069207
Piechart,0.25,0.8095500587758746,0.3096389674041564,0.38248279281501546,0.13248279281501546,3.741281369074381
Piechart,0.125,0.572934734653124,0.12058863303718148,0.21047533993586606,0.08547533993586606,3.11645359043039
Piechart,0.33,0.3847963530446981,0.1265841566423378,0.3289640238030887,0.0010359761969113146,-2.1291177135470414
Piechart,0.66,0.9745675157208183,0.6499314455084215,0.6668921701414534,0.00689217014145338,-0.2965147260664775
Piechart,0.5,0.5142116380387438,0.4991674020333461,0.9707431047986818,0.47074310479868176,5.560693878742681
Piechart,0.33,0.7564110594288871,0.28664373993994663,0.3789523386349893,0.04895233863498927,2.3277545725129833
Piechart,0.99,0.8569275436868313,0.7913003677564641,0.9234157235184506,0.06658427648154941,2.762014447612936
Piechart,0.75,0.6753980262367929,0.4183996004273472,0.6194859685311803,0.13051403146881968,3.7198846966178234
Piechart,0.05,0.3996654438279981,0.0073561337312131325,0.0184057287033776,0.0315942712966224,1.715641757376124
Piechart,0.8,0.8915159915525617,0.7477450708062392,0.8387343333057351,0.03873433330573506,1.9994348327609155
Piechart,0.11,0.839379420687685,0.178760899483573,0.21296793211479753,0.10296793211479753,3.3815316291954454
Piechart,0.95,0.4141625645522675,0.4090358624667121,0.9876215222611979,0.03762152226119797,1.9587136066654924
Piechart,0.8,0.8901004520683049,0.6073799536274536,0.6823723684401007,0.1176276315598993,3.5714053728513906
Piechart,0.6,0.9189531969179864,0.6035982393316608,0.656832405998507,0.05683240599850703,2.5381012165950243
Piechart,0.25,0.6897614950100179,0.21095382048083253,0.3058358896617862,0.05583588966178621,2.513134188133774
Piechart,0.9,0.4054902617621576,0.288127260800797,0.7105651799100406,0.18943482008995938,4.253118094004139
Piechart,0.8,0.4674005103219636,0.4078628945185256,0.8726197030413463,0.07261970304134624,2.8849827779810275
Boxplot,0.5,0.6140150623913481,0.3290476615433457,0.5358950972014171,0.03589509720141715,1.8931718013430978
Boxplot,0.75,0.7051146368194199,0.6378854842708506,0.9046550035440738,0.1546550035440738,3.9625953248626744
Boxplot,0.66,0.8110241307188453,0.5898497626953609,0.727290027945965,0.06729002794596495,2.7769467800901895
Boxplot,0.6,0.7052732826761279,0.5177940848179283,0.7341751028100509,0.13417510281005096,3.759423280940887
Boxplot,0.9,0.9813346114700658,0.8677757013997147,0.8842811526842645,0.015718847315735474,0.7628885667454416
Boxplot,0.9,0.7750440161113044,0.4489345243205012,0.5792374561808494,0.3207625438191506,5.009044983703032
Boxplot,0.7,0.9474167337062108,0.6975738488173691,0.736290403156087,0.036290403156087,1.908444143726706
Boxplot,0.95,0.8856044242512742,0.5684992076731352,0.6419335677481145,0.30806643225188546,4.9510115726682145
Boxplot,0.95,0.5701959899236702,0.5174522106944512,0.9074988597582394,0.04250114024176055,2.1293206169380388
Boxplot,0.93,0.9447818956163672,0.844282030045947,0.8936263850559341,0.03637361494406599,1.9116384722349316
Boxplot,0.68,0.6692371372319841,0.5587314241342631,0.834878091860262,0.1548780918602619,3.9646582372076993
Boxplot,0.33,0.7048847682285726,0.2762773803855321,0.3919468725077399,0.06194687250773989,2.6598531639527296
Boxplot,0.6,0.9877053126015578,0.8003865196629831,0.8103495136163762,0.21034951361637622,4.403264406157597
Boxplot,0.85,0.566398621559228,0.49500469979675504,0.8739511025540033,0.023951102554003345,1.3334868533441122
Boxplot,0.65,0.7289334257731288,0.3885433679658379,0.5330299780857725,0.11697002191422756,3.5634024880185495
Boxplot,0.9,0.623109166541501,0.5498215509609117,0.8823839874040625,0.01761601259593748,0.9157895360309882
Boxplot,0.75,0.8717717730255006,0.646570361739752,0.7416738895959171,0.008326110404082931,-0.0624883095123008
Boxplot,0.95,0.7545026140858799,0.7206281243710251,0.9551035489043394,0.0051035489043393945,-0.6543654311146505
Boxplot,0.95,0.6497574597629354,0.6294982757035943,0.9688203902010871,0.018820390201087167,1.0050686653154342
Boxplot,0.8,0.6309323200865198,0.5116677182455891,0.8109708473571683,0.010970847357168245,0.2893443208032888
Barchart,0.1,0.8138924346108507,0.07929390118002722,0.0974255292321771,0.0025744707678229117,-1.3866679741312524
Barchart,0.15,0.3566332275336268,0.01730864293859724,0.04853345566900441,0.10146654433099558,3.360596667020211
Barchart,0.4,0.9253664844358196,0.3138225595424884,0.3391332675440701,0.06086673245592994,2.6349819412253535
Barchart,0.12,0.6837439461832977,0.03247882315727857,0.04750144164138846,0.07249855835861153,2.882614847745431
Barchart,0.25,0.10991757029746974,0.03056039823688317,0.278030147083652,0.02803014708365198,1.5499228007641117
Barchart,0.12,0.6978994292758776,0.026241853829586437,0.03760119686129319,0.0823988031387068,3.0643448980854417
Barchart,0.8,0.4174818325292844,0.3016329703867877,0.7225056203269147,0.07749437967308537,2.9771769557903616
Barchart,0.66,0.4187445595965855,0.27756516686162436,0.6628508012833121,0.0028508012833120544,-1.286022259665609
Barchart,0.5,0.29323587980271726,0.1494987582980123,0.5098242356924119,0.009824235692411865,0.14720713211507164
Barchart,0.9,0.08377690585071484,0.07628914945566556,0.910622667201484,0.01062266720148397,0.24764407365703806
Barchart,0.25,0.8451227193692319,0.18865438104420584,0.22322720324571377,0.026772796754286232,1.4866009479952564
Barchart,0.75,0.9138886696393111,0.5504618153850147,0.6023291826150642,0.14767081738493582,3.896473534762869
Barchart,0.8,0.5798056831133607,0.430142040504198,0.741872756738914,0.05812724326108609,2.5699101141079477
Barchart,0.75,0.5016863747773479,0.3856823091073507,0.7687717436586141,0.018771743658614115,1.0015676214313598
Barchart,0.5,0.9297581147104559,0.40063716920920256,0.43090472981133215,0.06909527018866785,2.8144534241050185
Barchart,0.22,0.6754606593870329,0.13947119283964549,0.20648307329432453,0.013516926705675475,0.5623696035005767
Barchart,0.75,0.4375863367148376,0.2822704560057647,0.6450623164445655,0.10493768355543454,3.408544536133574
Barchart,0.8,0.7867707292791009,0.6128462887944244,0.7789388521811949,0.021061147818805193,1.1577647363476884
Barchart,0.15,0.6249401367017176,0.04290923704760985,0.0686613557485272,0.08133864425147279,3.0459434280328748
Barchart,0.25,0.8530977250937302,0.2193104824784018,0.257075451061959,0.007075451061959004,-0.26439965727129183
Piechart,0.85,0.0766088778444396,0.07284500786713344,0.9508690104435547,0.10086901044355467,3.352179557769578
Piechart,0.05,0.8454131148549904,0.05497370108576982,0.06502584372043861,0.015025843720438609,0.7027323329296031
Piechart,0.5,0.4237674456177167,0.2311757378282242,0.5455250048555389,0.0455250048555389,2.2257378032268615
Piechart,0.2,0.14807358395378745,0.03702914945440483,0.25007262244669737,0.05007262244669736,2.3595948901116004
Piechart,0.5,0.3890245250591522,0.3548313566579753,0.9121053656039354,0.4121053656039354,5.369310708860266
Piechart,0.75,0.2602447275656039,0.2021036729030985,0.7765908450619854,0.02659084506198539,1.4772030024306249
Piechart,0.9,0.2874389231655157,0.2767643384611502,0.9628631203220214,0.06286312032202135,2.6806196249653067
Piechart,0.1,0.1183811102076251,0.08578960874305253,0.7246900167821428,0.6246900167821429,5.967952506618406
Piechart,0.01,0.146574774880051,0.004803999385960322,0.032775075997160216,0.022775075997160214,1.2645409946016375
Piechart,0.075,0.2086727604191636,0.02020012902940893,0.09680290320994785,0.02180290320994785,1.2049484505610544
Piechart,0.2,0.28969214424627365,0.06712614696370256,0.23171545482654562,0.031715454826545614,1.7209549864553197
Piechart,0.75,0.8528279575125017,0.6896892484291937,0.8087085353543694,0.05870853535436937,2.5839651420783674
Piechart,0.6,0.6448927233456194,0.4900863207675561,0.7599501483363809,0.15995014833638088,4.010781166321869
Piechart,0.75,0.9970089480349676,0.6676172166637709,0.6696200851352399,0.08037991486476015,3.029097952662755
Piechart,0.75,0.5295697470326839,0.34353059341081194,0.6486975423647264,0.10130245763527357,3.358290160822498
Piechart,0.1,0.8243834400882744,0.06902764662706762,0.08373245175773568,0.016267548242264326,0.8088008693315346
Piechart,0.35,0.9869312558454136,0.3606277420260207,0.365403101675105,0.015403101675105002,0.7357909072994679
Piechart,0.75,0.9615065112459781,0.6803559889684436,0.7075937406672341,0.04240625933276587,2.126188518939191
Piechart,0.8,0.7484164864942104,0.4091499986532865,0.5466875810951976,0.2533124189048025,4.66994754452103
Piechart,0.95,0.057046458831845774,0.050163566873492105,0.879345850745229,0.07065414925477098,2.846075024302443
Boxplot,0.35,0.5681043331714632,0.3909774017105976,0.6882140812550257,0.3382140812550257,5.0851870256558005
Boxplot,0.9,0.8206063144443305,0.6162477772364565,0.750966409091972,0.14903359090802804,3.909615588453139
Boxplot,0.5,0.7567891007100822,0.4138276658062283,0.5468203300205314,0.04682033002053143,2.2651467081429546
Boxplot,0.85,0.6956478965225554,0.6899745755217286,0.9918445509155034,0.1418445509155034,3.8388968297272026
Boxplot,0.6,0.7367027208576107,0.5469711248257539,0.7424584019304472,0.14245840193044723,3.8450725065019777
Boxplot,0.9,0.9000816608990323,0.6666182553643549,0.7406197507662958,0.1593802492337042,4.0056716957756215
Boxplot,0.8,0.5784929027046526,0.2708205842658682,0.4681484993155303,0.3318515006844697,5.057889948524861
Boxplot,0.6,0.6135067457120797,0.5447255936971005,0.8878885154960326,0.28788851549603267,4.853688894688283
Boxplot,0.9,0.6025239932672479,0.5411564407112089,0.8981491969750994,0.0018508030249005936,-1.689286211640746
Boxplot,0.7,0.7342483301966076,0.6636154606227416,0.903802478440839,0.2038024784408391,4.357921276312543
Boxplot,0.2,0.7806598131352399,0.7409616550262992,0.9491479419831959,0.7491479419831959,6.2295839660579375
Boxplot,0.2,0.736782729430183,0.5554082808024731,0.7538291257614274,0.5538291257614274,5.7946215351914745
Boxplot,0.5,0.5266514806962643,0.5055858370388076,0.9600007890804622,0.46000078908046216,5.52747947413952
Boxplot,0.6,0.6652428222090905,0.6455629121737281,0.9704169524595383,0.3704169524595383,5.215938508558252
Boxplot,0.3,0.8078577520132877,0.6171293161854765,0.7639083918517946,0.4639083918517946,5.539650149235627
Boxplot,0.5,0.303176744808209,0.2504007793295655,0.8259234377886411,0.3259234377886411,5.031983719920845
Boxplot,0.5,0.6320107341950343,0.4609370110293949,0.7293183265573348,0.22931832655733475,4.527122436770744
Boxplot,0.5,0.8367007789870455,0.5364322571276272,0.6411279523093795,0.14112795230937947,3.8316538524515904
Boxplot,0.8,0.5987494899625887,0.5149208687611384,0.8599938328019484,0.059993832801948366,2.6145645733558682
Boxplot,0.3,0.9714638313660172,0.2855425811540149,0.2939302235807391,0.006069776419260875,-0.4501285124640778
Barchart,0.15,0.8553847599122446,0.12663145430296707,0.1480403442258644,0.0019596557741355936,-1.6395095139188152
Barchart,0.15,0.4106856213902774,0.04883166326558708,0.11890278286412663,0.031097217135873365,1.6936416010286104
Barchart,0.4,0.6443723470595104,0.25548896804115084,0.396492756411776,0.0035072435882240183,-1.0718021964472906
Barchart,0.95,0.25281432737929754,0.23982325927496007,0.9486141935110862,0.0013858064889137323,-1.9236836379451723
Barchart,0.95,0.6356881381937383,0.6052595093760169,0.9521327723619603,0.0021327723619603,-1.5637219982522756
Barchart,0.65,0.9796345956722909,0.5919081452067219,0.6042131911445152,0.045786808855484806,2.233790185928231
Barchart,0.15,0.8868834451585756,0.18255267711653178,0.20583615368295793,0.05583615368295794,2.5131408605559185
Barchart,0.6,0.5328341367527394,0.3131699982048626,0.5877438711292413,0.012256128870758665,0.4336142283831141
Barchart,0.4,0.3041686553484855,0.10932592918464734,0.3594253624174155,0.040574637582584505,2.064353039126189
Barchart,0.65,0.5117360733874055,0.34024436309048434,0.6648825064026808,0.01488250640268074,0.6899705980600888
Barchart,0.75,0.10507002286776568,0.07295648052184456,0.694360565750165,0.055639434249834974,2.5081607338887837
Barchart,0.8,0.5998777820309455,0.44910747583564525,0.7486649602443143,0.05133503975568576,2.3946524166251377
Barchart,0.35,0.9383871753320272,0.2274393930026164,0.24237265702415645,0.10762734297584353,3.4446318599871413
Barchart,0.15,0.5972766023844713,0.11152455030576958,0.18672177992664846,0.03672177992664846,1.924927626851735
Barchart,0.8,0.8176217171990716,0.5806676264423887,0.7101910507362537,0.08980894926374638,3.1868008120835745
Barchart,0.9,0.2652721687999058,0.21140331774631616,0.7969298803666706,0.10307011963332946,3.3829455240390076
Barchart,0.1,0.8885607220930161,0.09202575669317359,0.10356721201496027,0.0035672120149602693,-1.0537296737233934
Barchart,0.1,0.6426044855689452,0.05685988365394479,0.08848348390161412,0.011516516098385887,0.3523648763852411
Barchart,0.1,0.6833355507218974,0.06261734722215295,0.09163484492501815,0.008365155074981853,-0.05661796908473477
Barchart,0.25,0.8697916342968277,0.24379126468879186,0.2802869734265516,0.030286973426551622,1.6570442126959921
Piechart,0.8,0.3305972443635692,0.2514569693235327,0.7606142326068416,0.039385767393158466,2.022750139341687
Piechart,0.25,0.6262251741934242,0.17702287489751956,0.28268246342144326,0.032682463421443264,1.7626661703050548
Piechart,0.1,0.41113857469660897,0.06888679661047115,0.16755128526021842,0.06755128526021842,2.7824355158172565
Piechart,0.8,0.3849200825780912,0.3001989925929269,0.7798995328647828,0.020100467135217293,1.0942676354798981
Piechart,0.5,0.3671394321613151,0.20636556197994693,0.5620904318696915,0.06209043186969154,2.6631267040275843
Piechart,0.05,0.4792408540492248,0.03442153170399531,0.07182511969328002,0.02182511969328002,1.2063381313143282
Piechart,0.9,0.8585762897367468,0.001869483215444001,0.0021774223651310175,0.8978225776348691,6.490365676886862
Piechart,0.8,0.4552996781260914,0.3206976607139029,0.7043661046144829,0.09563389538551714,3.2762568722616847
Piechart,0.15,0.8911859278956036,0.11109449891119727,0.12465917092466841,0.025340829075331583,1.4109287596785653
Piechart,0.5,0.9570715377501758,0.4986377764095358,0.5210036624657154,0.02100366246571539,1.1540427916431035
Piechart,0.1,0.7359592316595498,0.10532732555421354,0.14311570671748475,0.04311570671748474,2.1494449498884305
Piechart,0.85,0.9771120364399141,0.853400504909031,0.8733906380054192,0.023390638005419184,1.3010396113630869
Piechart,0.99,0.11892249850323333,0.11528881920005075,0.9694449801432335,0.020555019856766443,1.1246603042120176
Piechart,0.2,0.4404091950607596,0.09780295358320057,0.22207291464409026,0.022072914644090252,1.2217480921327504
Piechart,0.1,0.4191200554241301,0.09763489704482264,0.23295209995623006,0.13295209995623006,3.7463353414831038
Piechart,0.2,0.4815010156187103,0.13701415699855055,0.28455631982934165,0.08455631982934164,3.1010839093877207
Piechart,0.5,0.6347629693550285,0.26446158434095457,0.4166304543720774,0.08336954562792259,3.0809909390374126
Piechart,0.33,0.535337909709426,0.2245451315869571,0.41944560158057387,0.08944560158057385,3.181032586787309
Piechart,0.5,0.6627697334935283,0.4328365695469145,0.653072323121015,0.15307232312101504,3.9478748614400296
Piechart,0.5,0.8509811562894527,0.50442682740815,0.592759103629992,0.09275910362999196,3.2328004708956044
Boxplot,0.5,0.7238576250697959,0.4689557320920688,0.6478563129687984,0.14785631296879842,3.898269435647364
Boxplot,0.8,0.5885023480211697,0.5607789105832841,0.9528915432009655,0.15289154320096543,3.9461838346943816
Boxplot,0.7,0.7479490439521175,0.6462374948907459,0.864012729364645,0.16401272936464506,4.046689494511176
Boxplot,0.8,0.9079580220417888,0.7367304229119078,0.8114146304420226,0.011414630442022511,0.3408049793606981
Boxplot,0.5,0.8680169554473387,0.6326939174819597,0.7288958049856255,0.22889580498562545,4.5244762407661625
Boxplot,0.5,0.7634713104525446,0.4833807066241158,0.6331353909521418,0.13313539095214177,3.748304406021414
Boxplot,0.6,0.9794478972999454,0.6493213181325129,0.6629462577054931,0.06294625770549311,2.6824891984832555
Boxplot,0.33,0.7400385286496185,0.3070293143454161,0.4148828776599865,0.08488287765998648,3.1065640318518746
Boxplot,0.5,0.9003950693923313,0.5218668030999496,0.5795975798181047,0.07959757981810467,3.015204587098091
Boxplot,0.5,0.960344971158242,0.4645580125003059,0.48374076654977116,0.016259233450228838,0.8081159243333752
Boxplot,0.5,0.7692099620205912,0.4445547467226991,0.5779368035678127,0.07793680356781274,2.985260026093307
Boxplot,0.95,0.9525587541665844,0.9173099302999144,0.9629956433527189,0.012995643352718966,0.510520777212368
Boxplot,0.9,0.9208705825968184,0.8473350648999056,0.9201456544636863,0.020145654463686324,1.0973178096963305
Boxplot,0.85,0.70369113711677,0.6328666264781959,0.8993528454418753,0.04935284544187535,2.3392185111935726
Boxplot,0.99,0.657177334767463,0.6293492842613735,0.9576551882819632,0.032344811718036826,1.7482384447118298
Boxplot,0.5,0.8371261190097725,0.49879663415777703,0.5958440703627766,0.09584407036277665,3.2793831914278653
Boxplot,0.66,0.7556069910003946,0.4001055087848444,0.5295153612265022,0.1304846387734978,3.7195628377187546
Boxplot,0.75,0.8946566373472882,0.7638807921884647,0.8538256581356375,0.10382565813563749,3.3933565876470273
Boxplot,0.7,0.6415247394067827,0.4795274761930963,0.7474808791263684,0.04748087912636845,2.2848362496143975
Boxplot,0.85,0.6112477871430064,0.5142269975216139,0.8412742071838476,0.008725792816152378,-0.003496592251195102
Barchart,0.95,0.09269031583167797,0.08857585731133844,0.955610696938273,0.0056106969382730965,-0.5435729560521346
Barchart,0.2,0.8497672328951842,0.21172302044232694,0.24915413568134395,0.04915413568134394,2.3335421123398907
Barchart,0.33,0.6457471295831547,0.2213549342060499,0.34278887828574606,0.012788878285746041,0.4894276681039436
Barchart,0.6,0.5951235618227193,0.46434812679702,0.7802549866700524,0.18025498667005246,4.181937280272724
Barchart,0.75,0.28991248821220417,0.21056421907772793,0.7263026866355735,0.023697313364426487,1.3188844566639908
Barchart,0.66,0.8992539621656872,0.6360123810900344,0.7072666986735493,0.04726669867354927,2.278481385385502
Barchart,0.8,0.6373582804080353,0.5371137811748588,0.8427187622493894,0.04271876224938931,2.136478920273963
Barchart,0.5,0.6957605811293417,0.3637885106148644,0.5228645032237551,0.022864503223755106,1.2699010898424117
Barchart,0.05,0.4405454159586526,0.008666575399223442,0.01967237675226847,0.03032762324773153,1.658902587988826
Barchart,0.15,0.9791885201416088,0.16536173620553585,0.16887630196238562,0.018876301962385628,1.0090821136084474
Barchart,0.1,0.47578417983479726,0.04322399696928958,0.09084790710001729,0.009152092899982714,0.056873827659889756
Barchart,0.9999899999999999,0.6520815094078767,0.6251295512033945,0.9586678079110755,0.0413221920889244,2.0899113779842744
Barchart,0.33,0.993810530566849,0.3522526116812523,0.3544464471314615,0.02444644713146149,1.3615689018256552
Barchart,0.15,0.9974093638383206,0.14778887420090614,0.1481727358485704,0.0018272641514295862,-1.7002798053918176
Barchart,0.7,0.39916094079182307,0.29638496659802027,0.7425199620235282,0.04251996202352826,2.1299411322408117
Barchart,0.99999999,0.9796856391744755,0.979323966015208,0.9996308273339882,0.0003691626660117242,-2.6266801644291964
Barchart,0.66,0.5124052105241093,0.33153261112944943,0.647012568022765,0.012987431977235064,0.5096889491263582
Barchart,0.95,0.8185908866018485,0.785139631112532,0.9591355632748613,0.009135563274861314,0.05457946479224152
Barchart,0.5,0.7933698376774709,0.4445815408664855,0.5603711154030807,0.06037111540308071,2.6234247968194766
Barchart,0.9,0.9001512317850837,0.850099684209624,0.9443965127102,0.044396512710199953,2.190504645798152
Piechart,0.33,0.1957648995043884,0.07324900726705197,0.3741682367599814,0.04416823675998138,2.183271698404807
Piechart,0.5,0.8948718680442898,0.44646700227307057,0.4989172396812609,0.0010827603187391066,-2.099890010767115
Piechart,0.9,0.8495672328135075,0.8312558800512416,0.978446258218288,0.07844625821828799,2.9945119905062945
Piechart,0.8,0.8723345389793317,0.4825387893546179,0.5531579546525909,0.24684204534740917,4.63280357327843
Piechart,0.5,0.9669128224939316,0.6747303047137337,0.6978191715085755,0.19781917150857553,4.315197912854994
Piechart,0.33,0.2201609716496823,0.10182191994628864,0.46248851094419474,0.13248851094419473,3.741343054320577
Piechart,0.5,0.7397104484062793,0.3328748175616766,0.4500069159207659,0.049993084079234085,2.3573573072939285
Piechart,0.2,0.7541295825471279,0.12507265859634453,0.16585035448934712,0.03414964551065289,1.8237349133426293
Piechart,0.15,0.9448406679366688,0.16147112980219158,0.17089773469934377,0.02089773469934378,1.1471591455002947
Piechart,0.33,0.6970967098752636,0.3074502313331614,0.4410438709259948,0.11104387092599477,3.489207281521871
Piechart,0.7,0.6379517379279913,0.468131285109688,0.7338036050033118,0.03380360500331181,1.8095628223515368
Piechart,0.9,0.8534485417061123,0.8163015713747556,0.9564742705434859,0.05647427054348586,2.5291780369046326
Piechart,0.9,0.9509165876636808,0.8780832300016634,0.9234072066815423,0.02340720668154228,1.3020093717219308
Piechart,0.01,0.8900503785229271,0.010449629193055587,0.011740491825189884,0.0017404918251898837,-1.7415453210286749
Piechart,0.9,0.43197463621814297,0.41755212997041213,0.966612608615179,0.06661260861517893,2.7626168878126487
Piechart,0.95,0.9204122188124446,0.8417452225723233,0.914530691105317,0.035469308894682916,1.8765389056036663
Piechart,0.4,0.6530524794253757,0.36453192684328495,0.5581969877275996,0.1581969877275996,3.995004937341105
Piechart,0.65,0.4022930999577765,0.2924676637279565,0.7270014418806912,0.07700144188069113,2.9681173357507826
Piechart,0.05,0.6129163210803352,0.014353492610281402,0.023418356008176985,0.026581643991823018,1.4767261299702554
Piechart,0.33,0.8727101136422252,0.4392798070445829,0.5033513421899788,0.17335134218997877,4.125992744137554
Boxplot,0.8,0.8771867576909669,0.7539573364291418,0.859517462864802,0.05951746286480197,2.603299058399691
Boxplot,0.3,0.8644788232137304,0.5934031359185176,0.6864287707043194,0.3864287707043194,5.276789830135953
Boxplot,0.7,0.6797813976073286,0.5971506526421881,0.878445121834782,0.178445121834782,4.16747933957109
Boxplot,0.9,0.6912058669562364,0.6322834932178759,0.9147542337888009,0.014754233788800919,0.6784536087449256
Boxplot,0.5,0.5935777348248907,0.3604467757843656,0.6072444342790245,0.10724443427902453,3.4395491297782654
Boxplot,0.9,0.8123881680209158,0.8112215648068916,0.9985639830072042,0.09856398300720415,3.3192419378275115
Boxplot,0.6,0.7889235362864118,0.5354918653986195,0.6787626946956921,0.07876269469569208,3.000228914019526
Boxplot,0.8,0.7069108782842001,0.612424744203308,0.8663393972515645,0.06633939725156446,2.756796948692245
Boxplot,0.2,0.7524072190458461,0.15464950619604778,0.20553963635830638,0.005539636358306371,-0.5585937867084902
Boxplot,0.9,0.6960147227145395,0.6802443469864107,0.9773418934780252,0.07734189347802523,2.9743805104203216
Boxplot,0.7,0.4461712174374157,0.3215280788062388,0.7206383250200119,0.02063832502001195,1.1301615580922062
Boxplot,0.8,0.6112384198323746,0.5708386380136619,0.9339050352401083,0.13390503524010822,3.7565433557841286
Boxplot,0.7,0.6697363322755697,0.4638603782710129,0.6926014849678976,0.007398515032102315,-0.20947565459289066
Boxplot,0.6,0.9395325182092008,0.6000465345496427,0.6386649987308194,0.03866499873081941,1.9969309652077938
Boxplot,0.8,0.9034578222184864,0.6601475363323898,0.7306899338270868,0.06931006617291324,2.818851913889892
Boxplot,0.5,0.6613263764920664,0.4034331003289705,0.6100363068367806,0.11003630683678056,3.4762041828592727
Boxplot,0.9,0.6155109086369676,0.6083018161600386,0.9882876284144285,0.0882876284144285,3.1624941060451763
Boxplot,0.95,0.7260127393700948,0.6870509529034815,0.9463345691421098,0.003665430857890173,-1.0246102145782863
Boxplot,0.4,0.6269501810131707,0.2833120995240761,0.45188933364088846,0.051889333640888435,2.409780136766822
Boxplot,0.9,0.5158711582084842,0.3903560316130317,0.7566928784479034,0.14330712155209657,3.8535677792804015
Barchart,0.2,0.5935449759599198,0.12805895112133825,0.21575273367318612,0.01575273367318611,0.7657667192858256
Barchart,0.1,0.18835463892447046,0.004042046189094428,0.021459764475008625,0.07854023552499138,2.9962122048234665
Barchart,0.65,0.8298701934595326,0.5547175621018354,0.668438951626096,0.01843895162609599,0.9773862943730842
Barchart,0.5,0.39294628938345844,0.22117163591768307,0.5628546238843644,0.06285462388436436,2.680428422592082
Barchart,0.8,0.9885385431288358,0.7336554370964521,0.7421616913128648,0.05783830868713524,2.562872704554281
Barchart,0.85,0.5339136083977344,0.4330225196956089,0.811034805790214,0.03896519420978595,2.0077406872135444
Barchart,0.2,0.5211469798361795,0.07615406247276524,0.14612780159774497,0.053872198402255045,2.4626334272436647
Barchart,0.8,0.5822645128993313,0.4710850106299074,0.8090567090963244,0.009056709096324389,0.043583757700477184
Barchart,0.45,0.9245897326747544,0.37882462337613676,0.40972185823460466,0.04027814176539535,2.0540893178058672
Barchart,0.85,0.69578902598941,0.5926161480293778,0.8517181586568995,0.0017181586568995044,-1.7523598845309072
Barchart,0.8,0.49656569594917777,0.31301345734788255,0.6303565870565466,0.16964341294345342,4.095024884546474
Barchart,0.8,0.2798266187591639,0.20152667962841309,0.7201840930003138,0.07981590699968621,3.0190953035449017
Barchart,0.9,0.2120000345391737,0.19621706734270972,0.9255520536552196,0.02555205365521962,1.4223435486191978
Barchart,0.55,0.9279726991582267,0.4918439734093428,0.5300198743513677,0.019980125648632385,1.086112909732335
Barchart,0.95,0.09875420250597355,0.08355585679523925,0.8460992512210812,0.10390074877891875,3.394387218431011
Barchart,0.6,0.9809577854023968,0.3916957553184106,0.39929929824425,0.20070070175575,4.335931254138471
Barchart,0.7,0.9281657938815265,0.49033902820141706,0.5282881910039503,0.17171180899604965,4.112381612202893
Barchart,0.1,0.8205119401604462,0.023663890523312636,0.028840397518999302,0.0711596024810007,2.8561810306386315
Barchart,0.1,0.09230439791893441,0.006041567076563226,0.06545264594942901,0.034547354050570994,1.8398529551098293
Barchart,0.9,0.9110246098990145,0.8344158781841674,0.9159092620743374,0.015909262074337405,0.7789875117777277
Piechart,0.09,0.09466786863254018,0.02135669980594113,0.22559607725868028,0.13559607725868028,3.7744821748181376
Piechart,0.4,0.4308220788782062,0.3882747020768644,0.9012414198637901,0.5012414198637901,5.651027057098048
Piechart,0.9,0.6469409936769499,0.5759528270876668,0.8902710335515838,0.009728966448416254,0.13474224651727634
Piechart,0.04,0.7602185878390251,0.032432521064121644,0.04266209953681003,0.002662099536810028,-1.3539850171750911
Piechart,0.03,0.7321757583224906,0.02392369695681196,0.032674800667566825,0.0026748006675668262,-1.3493087104921155
Piechart,0.9,0.35330591096173936,0.3505061798610718,0.9920756177188025,0.09207561771880246,3.2222731527049175
Piechart,0.2,0.5127662881342958,0.1358781603410062,0.2649904322598897,0.06499043225988971,2.7277120873475718
Piechart,0.03,0.6657280120250042,0.03101463389440462,0.04658754526501693,0.016587545265016934,0.8349170907259917
Piechart,0.6,0.7510706559824281,0.4080254015911575,0.5432583450586886,0.05674165494131134,2.5358453098784217
Piechart,0.07,0.892137142816654,0.0676709216170106,0.07585259975093075,0.005852599750930748,-0.49358090671083493
Piechart,0.7,0.7166570739066891,0.4924033477679459,0.6870836355297852,0.012916364470214714,0.5024695653311102
Piechart,0.04,0.30264661167313056,0.022537360298755527,0.07446757845449366,0.03446757845449366,1.8366342733450032
Piechart,0.33299999999999996,0.7885959407019443,0.3699952438181871,0.46918228299380704,0.13618228299380708,3.780649029497814
Piechart,0.09,0.8850464490921086,0.12862910463534138,0.1453359931191077,0.055335993119107696,2.5004449831203583
Piechart,0.9,0.5105774890272701,0.3823233523014484,0.7488057356971107,0.1511942643028893,3.9302099650287525
Piechart,0.33299999999999996,0.9739010612314244,0.4341738855645465,0.44580902809117634,0.11280902809117638,3.5117087394057274
Piechart,0.6,0.7493827354901879,0.471323858977112,0.6289494495343673,0.02894944953436729,1.594522252819353
Piechart,0.08,0.33452319969078914,0.028813144991130638,0.08613197834339616,0.006131978343396155,-0.4379205897504406
Piechart,0.27,0.981107674117034,0.3196853144886793,0.3258412128682879,0.05584121286828786,2.51326871184224
Piechart,0.9,0.3671241748719936,0.3189299748158165,0.8687250708211162,0.03127492917888386,1.7015459155630772
Boxplot,0.8,0.8519185674142701,0.6937513105693518,0.8143399347134961,0.014339934713496039,0.6406148864248754
Boxplot,0.8,0.8790370970187569,0.7704538308900626,0.8764747625589944,0.07647476255899432,2.958374304290886
Boxplot,0.7,0.6490213912675948,0.4904679692591056,0.7557038579285951,0.05570385792859511,2.509793570220306
Boxplot,0.8,0.8697954227345834,0.6185934317506012,0.711194167711048,0.088805832288952,3.1708197124655566
Boxplot,0.95,0.5719147802244038,0.5170022988711203,0.9039848535970038,0.0460151464029962,2.240776723807159
Boxplot,0.5,0.774003104727482,0.3846417349515992,0.49695115252415856,0.003048847475841443,-1.217978170830572
Boxplot,0.6,0.6280370818067662,0.41587259071213456,0.6621784011793269,0.062178401179326936,2.665128977048174
Boxplot,0.8,0.6220302128061401,0.4773950063554877,0.7674788081463674,0.03252119185363267,1.7557930958684271
Boxplot,0.6,0.7836814765606486,0.5144736165202188,0.6564830634738169,0.05648306347381693,2.529397780710706
Boxplot,0.5,0.8112900301887094,0.4346725291287277,0.5357794536531173,0.0357794536531173,1.8886732635858852
Boxplot,0.8,0.6906551609860228,0.5483211788307942,0.7939145463677943,0.006085453632205695,-0.4470419084437624
Boxplot,0.45,0.8782758987216726,0.4415024983265201,0.5026922621571711,0.0526922621571711,2.431416024623187
Boxplot,0.8,0.8635870664094536,0.626108899405956,0.7250095835838957,0.07499041641610438,2.930555999098433
Boxplot,0.6,0.8749641149341931,0.5238052601037797,0.5986591348871212,0.0013408651128787863,-1.9484941878396296
Boxplot,0.85,0.704327199638926,0.5748053702075404,0.8161055976571896,0.03389440234281038,1.8132949210085592
Boxplot,0.15,0.9728699122116606,0.2198594300614698,0.2259905741782633,0.0759905741782633,2.9493588887972915
Boxplot,0.9,0.8931543330191722,0.7120940931414967,0.7972800072909808,0.10271999270901921,3.378095300017623
Boxplot,0.8,0.7851426907947914,0.6538283323077532,0.83275096358076,0.032750963580759906,1.7655756326419563
Boxplot,0.85,0.9301070589324428,0.7413969435126673,0.7971092535988566,0.05289074640114333,2.4367147771318423
Boxplot,0.6,0.8993017429458792,0.4947055116380987,0.5500995806119221,0.04990041938807788,2.3547460688390247
Barchart,0.15,0.7668252443040933,0.1208481371873007,0.1575954079302285,0.007595407930228504,-0.1769994166017133
Barchart,0.8,0.16992680221890955,0.10954479574790055,0.6446587255068721,0.15534127449312796,3.968931920567368
Barchart,0.98,0.8560843656487644,0.8275902679698217,0.9667157831373908,0.013284216862609166,0.5394533378058712
Barchart,0.25,0.7393393792641589,0.1977176986914977,0.2674248176639527,0.017424817663952707,0.9010941569853075
Barchart,0.95,0.580321820541537,0.5065182913117121,0.8728231015663793,0.07717689843362063,2.971348546958527
Barchart,0.8,0.23996518516639065,0.17031349747541324,0.7097425293478249,0.09025747065217515,3.193889529548392
Barchart,0.7,0.3203529128363469,0.1989005557792236,0.620879498232727,0.07912050176727292,3.0066660889301478
Barchart,0.08,0.40605117414610836,0.020932861968188,0.051552275429834815,0.028447724570165187,1.5703523964436497
Barchart,0.92,0.8382252172606961,0.6729717425691015,0.8028531338729706,0.1171468661270294,3.5655589893438404
Barchart,0.99,0.9629790836512884,0.9285305275718265,0.9642270983198881,0.025772901680111926,1.4341825974890416
Barchart,0.4,0.6348200489839642,0.21407643049758884,0.33722380198958796,0.06277619801041207,2.6786623427077165
Barchart,0.9,0.30847631929131447,0.26294557210216085,0.8524011590460013,0.04759884095399869,2.2883243314924155
Barchart,0.11,0.5760372055431142,0.06477630470484841,0.11245159875354639,0.0024515987535463912,-1.4337795766756933
Barchart,0.99,0.8367491111695013,0.8306569348255506,0.9927192317713539,0.002719231771353914,-1.3330682882512292
Barchart,0.23,0.5319111587734329,0.13763806365023545,0.2587613765569868,0.028761376556986767,1.585509493757659
Barchart,0.36,0.9281202897616085,0.3421579047607093,0.36865685249548197,0.008656852495481981,-0.013501323088668896
Barchart,0.5,0.8871955705657235,0.4324198635772367,0.48740083688819885,0.012599163111801148,0.46979879858972595
Barchart,0.8,0.47059224903602836,0.3498465351133009,0.743417546357668,0.05658245364233205,2.531879312263736
Barchart,0.98,0.8240886611371647,0.785308882353136,0.9529422250143373,0.02705777498566264,1.5011983566861857
Barchart,0.75,0.5375382233082517,0.33548284871701295,0.6241097547487894,0.12589024525121062,3.668348871366303
Piechart,0.66,0.8844215638729471,0.569568083779836,0.6440006746168145,0.015999325383185492,0.7865399395508273
Piechart,0.5,0.7094469682903211,0.4040370142253069,0.5695098186112287,0.06950981861122874,2.8229303497664127
Piechart,0.75,0.8921902298740412,0.5517194829677026,0.6183877210195341,0.1316122789804659,3.7318596611095205
Piechart,0.5,0.3371090791766498,0.09233088856193383,0.2738902458143264,0.22610975418567358,4.506904994784329
Piechart,0.01,0.7723205403564011,0.026351655276733995,0.034120101563754286,0.024120101563754284,1.3431292949332416
Piechart,0.33,0.4476650215344789,0.2985367657899056,0.6668753452449768,0.3368753452449768,5.079486256900269
Piechart,0.75,0.993765656319244,0.6494677203228045,0.6535421265495667,0.09645787345043333,3.2884748214589647
Piechart,0.1,0.8291208343979353,0.11124026260966646,0.1341665267529351,0.034166526752935106,1.8244227360307934
Piechart,0.75,0.6999844512594711,0.5567547059779689,0.7953815330843548,0.045381533084354775,2.2213058613063246
Piechart,0.05,0.98011990519217,0.06312944083940386,0.06440991607759074,0.014409916077590734,0.6470764811622812
Piechart,0.01,0.8315976137438799,0.025762776766083958,0.03097985893694318,0.02097985893694318,1.1524987935462692
Piechart,0.2,0.4859701119657744,0.0987800975392612,0.20326372982011295,0.0032637298201129428,-1.1476080296692628
Piechart,0.8,0.5683744160090871,0.4503983373797831,0.7924324612327064,0.007567538767293658,-0.18155208125206906
Piechart,0.66,0.9807177677907772,0.6274501566586845,0.6397866718292622,0.020213328170737843,1.1018738022421017
Piechart,0.9,0.5546941340508453,0.43270457249427774,0.7800777868954613,0.11992221310453877,3.598986996566445
Piechart,0.75,0.977706500932475,0.6008581125711356,0.6145587781180497,0.1354412218819503,3.772848692959303
Piechart,0.2,0.7970609148523808,0.18488197573497644,0.231954637706978,0.031954637706977984,1.7313847575234995
Piechart,0.66,0.6311916143600524,0.2970431763577708,0.4706069751242411,0.18939302487575893,4.2528018425197684
Piechart,0.9,0.3165934127928631,0.2706046705051457,0.8547387897871193,0.045261210212880765,2.2175784790026323
Piechart,0.95,0.801078679014505,0.7968140926341831,0.9946764450333789,0.044676445033378975,2.1993251151241515
Boxplot,0.4,0.7748778387794444,0.29033316626487826,0.37468250056318436,0.02531749943681566,1.4096624461244864
Boxplot,0.5,0.5594705252544276,0.29184318832850603,0.5216417579742667,0.021641757974266707,1.1948282590215797
Boxplot,0.5,0.4984255758792173,0.26791727286106504,0.5375271371025893,0.03752713710258926,1.955206293894373
Boxplot,0.66,0.6707253059995362,0.4094157761399193,0.6104075282052984,0.04959247179470161,2.3460341711625405
Boxplot,0.66,0.7349272434868521,0.4388913795377183,0.5971902435612595,0.06280975643874054,2.6794183128598776
Boxplot,0.9,0.8276098231270881,0.7201735355960381,0.8701848570077303,0.029815142992269728,1.635296694993041
Boxplot,0.99,0.514445284560094,0.514344235139848,0.9998035759617615,0.009803575961761513,0.14451317393413293
Boxplot,0.66,0.6990290210028323,0.4357222527914073,0.6233249832264717,0.03667501677352836,1.9231498185495883
Boxplot,0.9,0.9091153062426603,0.8281112548941703,0.9108979347369293,0.010897934736929238,0.2807110629626385
Boxplot,0.95,0.7134136325772711,0.6518511180381314,0.9137071234302889,0.03629287656971103,1.9085391950239794
Boxplot,0.8,0.7746568190738043,0.6407821603243826,0.8271819785831293,0.027181978583129207,1.507514499745094
Boxplot,0.75,0.8037984325612888,0.6573630965705226,0.8178208241534476,0.06782082415344759,2.7880764379972867
Boxplot,0.9,0.6878524549217668,0.6542125934642717,0.9510943644719257,0.051094364471925724,2.3880342212810715
Boxplot,0.9,0.7399180972450531,0.6404730404886869,0.8655999128462579,0.0344000871537421,1.8339056036289902
Boxplot,0.75,0.8462668064919552,0.6175907517382369,0.7297825543912644,0.020217445608735618,1.102150536476117
Boxplot,0.9,0.8281888575780858,0.7117979184188363,0.859463287758281,0.040536712241719064,2.063044252578478
Boxplot,0.8,0.6158300752950894,0.4921672150518928,0.7991932105882608,0.0008067894117392838,-2.2815340065141565
Boxplot,0.75,0.8849623620181191,0.6391655551735729,0.7222516827901957,0.027748317209804307,1.5359691821881125
Boxplot,0.9999998999999999,0.8281589519052099,0.8157526448980825,0.9850194132677232,0.014980486732276699,0.6987062651793273
Boxplot,0.4,0.9385653538464293,0.3960482291730403,0.4219719250768794,0.021971925076879395,1.2154875752933267
Barchart,0.9,0.4394067820690728,0.38641906945881677,0.8794107993491858,0.020589200650814266,1.126920052310388
Barchart,0.4,0.7655523890219205,0.1953612821351891,0.25518995817488754,0.14481004182511248,3.86848964369649
Barchart,0.66,0.3400917618602779,0.1466071474326336,0.43108114889553,0.22891885110447002,4.5246207007391686
Barchart,0.01,0.3892694012237434,0.0020097287843834355,0.005162822400284907,0.004837177599715093,-0.7161546363345852
Barchart,0.4,0.7373929897692586,0.2912407636891192,0.3949600385816698,0.005039961418330241,-0.6688769270283209
Barchart,0.5,0.9213986670135443,0.460631004753683,0.4999258423573472,7.415764265278346e-05,-2.9168532078366924
Barchart,0.66,0.7987324969145349,0.5441373836700996,0.6812510894098789,0.021251089409878854,1.1699948524726156
Barchart,0.4,0.6772072550064259,0.18344662571540948,0.27088697641561565,0.12911302358438437,3.704462813718163
Barchart,0.7,0.997691387097273,0.641039596094277,0.6425229328273001,0.05747706717269985,2.554025591503784
Barchart,0.95,0.7958569076615445,0.760284424811488,0.955302916255915,0.005302916255915058,-0.6097910002031126
Barchart,0.75,0.5692697404843565,0.3622925562229109,0.6364163250881006,0.11358367491189936,3.5214738684714217
Barchart,0.66,0.7200373925778094,0.4079596891103032,0.5665812544120309,0.09341874558796914,3.2428882057608277
Barchart,0.66,0.5295189143289996,0.32558128552624055,0.6148624283587933,0.045137571641206686,2.2137383240302397
Barchart,0.4,0.3281499866078359,0.10379411439738706,0.31630083386664554,0.08369916613335449,3.0865997858888523
Barchart,0.01,0.9476881632052199,0.003997833101908044,0.004218511169736243,0.0057814888302637575,-0.5080979005221719
Barchart,0.05,0.48959494570662043,0.023309670661035065,0.04761011294222571,0.0023898870577742926,-1.4580344092207709
Barchart,0.33,0.24334350905858781,0.07073910117236404,0.2906964785953373,0.0393035214046627,2.0198271941581276
Barchart,0.5,0.7882976878173125,0.42415768842815893,0.5380679088411296,0.03806790884112965,1.9751865926663126
Barchart,0.6,0.7684095991525965,0.4378154750564196,0.5697683573178202,0.030231642682179816,1.654510821264847
Barchart,0.75,0.31674715086027794,0.21975446001237353,0.6937851198204167,0.056214880179583315,2.5226805183127383
Piechart,0.85,0.7933001456020312,0.6065559666721525,0.7645983301967509,0.08540166980324904,3.1152275508125107
Piechart,0.75,0.9867881260215424,0.8694848761304184,0.8811262045034344,0.13112620450343437,3.7265719063814657
Piechart,0.95,0.5735652353459748,0.5644808638023404,0.984161572243557,0.03416157224355709,1.8242208995782379
Piechart,0.15,0.6815053239344521,0.11951472606833068,0.17536873428713776,0.025368734287137762,1.4124419731625537
Piechart,0.07,0.7687578196040552,0.06308332554723027,0.08205877577898461,0.012058775778984607,0.4123778696106483
Piechart,0.7,0.677170693867579,0.0014135370167116525,0.0020874161116429977,0.697912583888357,6.127556075087604
Piechart,0.05,0.5231121144252988,0.029915581428131333,0.057187705279961205,0.007187705279961203,-0.24507739824786007
Piechart,0.8,0.9862925589449408,0.8243202557528475,0.8357766144303485,0.03577661443034841,1.8885626411151906
Piechart,0.5,0.8691086139973423,0.4424310844706743,0.5090630530467015,0.009063053046701519,0.04447148724595165
Piechart,0.8,0.3749381560020832,0.28406104810837696,0.7576210731318546,0.04237892686814548,2.125284988473868
Piechart,0.25,0.6302384594370536,0.1200464283147824,0.19047778902926868,0.05952221097073132,2.6034117799278174
Piechart,0.75,0.8641853748482182,0.7005559497737588,0.8106547161791547,0.060654716179154744,2.630049324610654
Piechart,0.5,0.7618214649238462,0.3864359830477167,0.5072526843101565,0.007252684310156465,-0.23400972074439588
Piechart,0.85,0.6398893411011854,0.5702846201411487,0.89122381560497,0.041223815604970016,2.0865737179884225
Piechart,0.6,0.2527076581431165,0.15955994985528976,0.6314013236786271,0.031401323678627135,1.7071414795475668
Piechart,0.85,0.9597794069852126,0.8727483353951768,0.9093217973248549,0.059321797324854875,2.5986462205895546
Piechart,0.7,0.6661021320006462,0.08776526278691588,0.13175946836157362,0.5682405316384264,5.831599950742009
Piechart,0.15,0.33203739800015675,0.07498022394763383,0.225818610792747,0.07581861079274702,2.946143385763597
Piechart,0.9,0.5898143727539473,0.5072248439905607,0.8599736924385861,0.0400263075614139,2.045313917924434
Piechart,0.9,0.2357791359202945,0.17097106435247136,0.7251322882541583,0.1748677117458417,4.138468099814367
Boxplot,0.5,0.9000169278971037,0.5015215959128818,0.5572357367596305,0.05723573675963045,2.5480848295657967
Boxplot,0.25,0.6579979796886495,0.16352412627510038,0.24851767227686092,0.001482327723139082,-1.8717975599447012
Boxplot,0.25,0.734429341736105,0.2710697808565148,0.36908898576374627,0.11908898576374627,3.5890321975540416
Boxplot,0.98,0.8600476793949641,0.8093697239725977,0.9410754117050605,0.0389245882949395,2.0062832393853096
Boxplot,0.95,0.9479395162776204,0.9189615202039114,0.9694305432191496,0.01943054321914961,1.0482740816528662
Boxplot,0.8,0.7487568539101909,0.6810142821164702,0.9095266087516228,0.10952660875162279,3.4695813733802368
Boxplot,0.9,0.3101897201597763,0.3087415717949025,0.9953314108406692,0.0953314108406692,3.2717455382462326
Boxplot,0.75,0.6349010547140614,0.5297203596718218,0.8343352964036113,0.08433529640361126,3.097362962190976
Boxplot,0.33,0.8940831309416715,0.34824700354151705,0.38950181643035175,0.05950181643035174,2.602927544782352
Boxplot,0.66,0.9754703106066264,0.7282024526082862,0.7465142144156401,0.08651421441564011,3.1336328052597824
Boxplot,0.3,0.7886870514595901,0.2940780544426258,0.3728703975783397,0.07287039757833969,2.889870619934535
Boxplot,0.6,0.72508082491011,0.4539828101465882,0.6261133856392762,0.026113385639276232,1.4522467442153422
Boxplot,0.8,0.8314168025562554,0.7619797788958098,0.9164834972700142,0.11648349727001417,3.557452946018427
Boxplot,0.9,0.7374850624052223,0.700541425947037,0.9499059189921789,0.04990591899217889,2.3549011765615107
Boxplot,0.9,0.6466612301174011,0.6392339654032408,0.9885144425423311,0.0885144425423311,3.166144078299506
Boxplot,0.95,0.7410050351719155,0.6439147641311751,0.8689748835266482,0.08102511647335175,3.0404561637125296
Boxplot,0.6,0.7370751474117638,0.4660332278511184,0.6322736962270293,0.03227369622702936,1.745181225243105
Boxplot,0.7,0.7857986715174303,0.6115016975700998,0.7781913099817904,0.07819130998179047,2.9898894130053915
Boxplot,0.4,0.9425658448182884,0.4423646241302899,0.46931959879744073,0.0693195987974407,2.819046807998884
Boxplot,0.9,0.4328464358367044,0.4061671535774518,0.9383631698209995,0.03836316982099952,1.985980149413801
Barchart,0.1,0.663676948787626,0.08477341388509563,0.12773294904991916,0.02773294904991916,1.5352043983189991
Barchart,0.55,0.8686440344143929,0.4801573279027984,0.5527665060481333,0.0027665060481332215,-1.315987045932695
Barchart,0.5,0.9137177705156643,0.45221443748448253,0.494916977732929,0.0050830222670710246,-0.6590339429189287
Barchart,0.8,0.9130597446010003,0.7327225915681392,0.8024913987291523,0.002491398729152272,-1.4183503695981934
Barchart,0.3,0.6637430982709736,0.1931667521786724,0.291026381565194,0.008973618434805986,0.031905898235809645
Barchart,0.28,0.7270302469762473,0.21168877539086473,0.2911691449857667,0.011169144985766655,0.31256585252334823
Barchart,0.5,0.97947985070605,0.45209762138661547,0.4615690879814675,0.03843091201853249,1.988445184734195
Barchart,0.6,0.5609565727766834,0.31295490289186234,0.5578950636816044,0.042104936318395625,2.1161962655723134
Barchart,0.6,0.9706025207831175,0.5471727514003153,0.5637454464458184,0.03625455355418161,1.907065768707564
Barchart,0.1,0.6461600760400141,0.051434748329892366,0.07960062875612763,0.02039937124387238,1.1143251258056037
Barchart,0.9,0.9824329141129791,0.8968529907526861,0.9128898043511078,0.012889804351107759,0.4997621580794635
Barchart,0.33,0.9856826385130208,0.3273246411608439,0.33207913822509716,0.0020791382250971435,-1.586779322780394
Barchart,0.65,0.7054673773006979,0.4491230185903321,0.6366318741892699,0.013368125810730103,0.5477583552786979
Barchart,0.25,0.9390807904344383,0.2637103334066899,0.28081751441714836,0.03081751441714836,1.6811125334794386
Barchart,0.75,0.9867847675640538,0.7518546003767694,0.7619235978203984,0.011923597820398424,0.3976494115617621
Barchart,0.25,0.7235270381233772,0.2037278150962889,0.2815759527449047,0.03157595274490471,1.7148368847023794
Barchart,0.3,0.3759328609456476,0.10038456603489765,0.2670279096708475,0.03297209032915249,1.7749278841814646
Barchart,0.45,0.5669586926735383,0.24833960210842965,0.43802062710664996,0.011979372893350049,0.4037446757438172
Barchart,0.9,0.37904704537321154,0.3484563206253428,0.9192957045272601,0.019295704527260038,1.0388368024236598
Barchart,0.55,0.4940595285459488,0.2640892445863574,0.5345292000815979,0.015470799918402167,0.7416438671979253
Piechart,0.4,0.4561249152358191,0.3017897825573517,0.6616384513907221,0.26163845139072206,4.716378861083381
Piechart,0.8,0.9759816904559762,0.8172139763739121,0.8373251100562265,0.03732511005622641,1.9476702728645925
Piechart,0.6,0.5650382908831812,0.38315154211649216,0.6780983666038073,0.07809836660380731,2.988200525305685
Piechart,0.05,0.8725080841580766,0.08749980454059703,0.10028537973379312,0.050285379733793115,2.3655632020417285
Piechart,0.3,0.9667541158808656,0.3867684579824167,0.40006910922743744,0.10006910922743745,3.3408343932880005
Piechart,0.3,0.17270464871328195,0.030336913354579886,0.17565776938027963,0.12434223061972036,3.6506753139489594
Piechart,0.1,0.5436605030454154,0.1028002377614572,0.18908903108760441,0.08908903108760441,3.1753494405342924
Piechart,0.5,0.32601724420901146,0.1815946511717743,0.5570093435160534,0.05700934351605336,2.5424894448447155
Piechart,0.99,0.22769064902701164,0.20315515571655496,0.8922419808836947,0.09775801911630533,3.3075453804527966
Piechart,0.95,0.951062370776898,0.8834648409746804,0.9289241884872398,0.021075811512760168,1.158712616294162
Piechart,0.05,0.4188819560869792,0.03894433407549691,0.09297209753148276,0.04297209753148276,2.144767456327829
Piechart,0.4,0.5872784150623607,0.2434938906804982,0.4146140645312881,0.014614064531288051,0.6657624512358723
Piechart,0.6,0.3082881276049876,0.1920398817249831,0.6229233776107187,0.02292337761071872,1.2734190668887342
Piechart,0.5,0.3410578265582058,0.1991758341577483,0.583994321924046,0.08399432192404599,3.0916037402384187
Piechart,0.5,0.5280823153490204,0.293119834762406,0.55506466746321,0.05506466746321004,2.4935107290637517
Piechart,0.35,0.9696639791472872,0.4452863459023408,0.4592171674706543,0.1092171674706543,3.4655457372125205
Piechart,0.9,0.38348292759973795,0.3676635121538527,0.9587480581080865,0.058748058108086476,2.58491580733498
Piechart,0.7,0.4651370229967498,0.2955231801139431,0.6353465011449069,0.06465349885509308,2.720355060785594
Piechart,0.95,0.7309957432527883,0.6389918835630621,0.8741389939148935,0.07586100608510649,2.9469367912840427
Piechart,0.7,0.4356846004598312,0.2689267447709265,0.6172509757909626,0.0827490242090374,3.0703725686418806
Boxplot,0.5,0.6380456099646274,0.5988383132307324,0.9385509497729032,0.4385509497729032,5.458778814658183
Boxplot,0.25,0.7108932860221302,0.2415770494089775,0.339821818772188,0.08982181877218798,3.187004696097665
Boxplot,0.5,0.6246947429470522,0.5624317274169817,0.9003304954411185,0.40033049544111854,5.3276172949187925
Boxplot,0.4,0.6424379584035647,0.44308406900159597,0.6896916086693321,0.2896916086693321,4.8626577314020265
Boxplot,0.75,0.9365969318882804,0.8518266144956752,0.9094911434081904,0.15949114340819037,4.006667344334314
Boxplot,0.8,0.9559895448536246,0.5901875937209031,0.6173577910951621,0.18264220890483795,4.200788452220354
Boxplot,0.7,0.8423313977701188,0.6281510659226699,0.7457291365198511,0.04572913651985111,2.232020196747789
Boxplot,0.6,0.7462538168092125,0.6219787099706724,0.8334680452692246,0.2334680452692246,4.552856856303827
Boxplot,0.5,0.8514066001020637,0.7322031873124595,0.8599923787584985,0.35999237875849854,5.174895245841018
Boxplot,0.4,0.7070968554244066,0.6387843949415923,0.9033902357806238,0.5033902357806238,5.657183334192028
Boxplot,0.85,0.8392455679073165,0.4825265835809294,0.574952793357162,0.275047206642838,4.788149071504302
Boxplot,0.99,0.5299648997778463,0.3667318780442856,0.6919927681965623,0.2980072318034377,4.903314206420018
Boxplot,0.85,0.7194511166827369,0.5923729448008674,0.8233678856906851,0.02663211430931489,1.4793399653637194
Boxplot,0.2,0.943303768523639,0.4545827067074704,0.4819048983753516,0.2819048983753516,4.823519582511557
Boxplot,0.85,0.6706069401845547,0.5682930664399499,0.8474309351518977,0.002569064848102265,-1.3887086776131754
Boxplot,0.7,0.7590763863314379,0.463169547350585,0.6101751492877422,0.08982485071225776,3.1870527251383907
Boxplot,0.35,0.9395365471706572,0.7875468999681541,0.8382291272647048,0.4882291272647048,5.613175435546278
Boxplot,0.2,0.5573167132612362,0.5089130907109825,0.9131488049819796,0.7131488049819796,6.158657762065404
Boxplot,0.7,0.8432792000394882,0.6527446660667455,0.7740552192395822,0.07405521923958225,2.9127498583915
Boxplot,0.5,0.7188799928489027,0.6987477343869761,0.9719949662500094,0.47199496625000936,5.564515255428554
Barchart,0.6,0.7209351594909266,0.3984622530735076,0.5527019286379006,0.0472980713620994,2.279413983768007
Barchart,0.05,0.9102479162013577,0.01723475945410924,0.0189341377742816,0.031065862225718402,1.6922424849524809
Barchart,0.5,0.8491799920415692,0.42347412073597823,0.4986859378514988,0.001314062148501216,-1.9634968640352812
Barchart,0.95,0.5822897524430031,0.5619435816723303,0.9650583396233401,0.015058339623340133,0.7056099065679103
Barchart,0.13,0.6931564360468749,0.1077792515346171,0.1554905154589497,0.025490515458949703,1.41902727556227
Barchart,0.95,0.873158520864344,0.8302324375381418,0.9508381556149628,0.00083815561496281,-2.2596988654654027
Barchart,0.25,0.8828062054581143,0.31904668506547207,0.3614005917639753,0.11140059176397532,3.4937829870910644
Barchart,0.9,0.592144813231432,0.5620154140270956,0.9491181911399085,0.04911819113990845,2.332512920784808
Barchart,0.5,0.11560104618981382,0.05450214536274001,0.47146757887682905,0.028532421123170948,1.5744610407034634
Barchart,0.14,0.8742033091601211,0.14014807524231476,0.1603151964466482,0.020315196446648198,1.1087048582618075
Barchart,0.95,0.7872489009101773,0.7199631254005501,0.9145304929205555,0.03546950707944441,1.87654669222628
Barchart,0.3,0.664295464047963,0.22587983485112217,0.3400291693619232,0.04002916936192319,2.0454139404924887
Barchart,0.6,0.6044522218535506,0.3808599541587452,0.6300910814602343,0.030091081460234315,1.6480549625290033
Barchart,0.95,0.3207316062210166,0.3019233561110062,0.9413582891576653,0.008641710842334671,-0.01570802786746906
Barchart,0.6,0.4588838081978779,0.2826790460478368,0.6160144267412049,0.0160144267412049,0.7878024308405078
Barchart,0.5,0.9717803169526649,0.4638082037414426,0.4772768038725717,0.02272319612742829,1.2614222631715863
Barchart,0.2,0.35992923563134394,0.05279445055868959,0.1466800841173238,0.053319915882676205,2.4481058198560675
Barchart,0.6,0.7918940093517708,0.49796975628376794,0.6288338469581256,0.02883384695812563,1.5889890627783223
Barchart,0.8,0.7051060077038833,0.5782058177918254,0.8200267923892787,0.020026792389278625,1.0892806718502135
Barchart,0.9,0.3103041944427458,0.2724569168992579,0.8780316920579972,0.021968307942002774,1.215262838153995
Piechart,0.2,0.5520374812078557,0.1174965682104876,0.21284164972531502,0.012841649725315013,0.49484051946925006
Piechart,0.5,0.5962224589316479,0.388113472055156,0.6509541300248974,0.15095413002489744,3.9279356014659963
Piechart,0.1,0.9434986270522776,0.0894125679484532,0.09476703556824467,0.0052329644317553325,-0.6252744371733147
Piechart,0.2,0.401340181407664,0.09671640795581027,0.24098361548695751,0.0409836154869575,2.078391757009758
Piechart,0.2,0.9571000093460884,0.5594201036638964,0.5844949307294485,0.38449493072944846,5.269575292617811
Piechart,0.5,0.9858808282250306,0.9158366084156991,0.9289526504583334,0.4289526504583334,5.426944508052136
Piechart,0.1,0.8498596520541284,0.09157225860933572,0.10774986009513886,0.0077498600951388524,-0.15202552029151567
Piechart,0.25,0.16061752398839335,0.12524398278251114,0.7797653685133485,0.5297653685133485,5.730681710638338
Piechart,0.125,0.6327723457028154,0.0811634533452259,0.1282664356247716,0.0032664356247716075,-1.1467434494789386
Piechart,0.99,0.5618988747959641,0.5230478522212307,0.9308576252464629,0.05914237475353712,2.5943664038595418
Piechart,0.9,0.7074944219702015,0.5124767224889684,0.7243544352785767,0.17564556472142334,4.144825970871503
Piechart,0.05,0.9258266311872656,0.013708505119089276,0.014806773382085265,0.03519322661791474,1.865650698426038
Piechart,0.005,0.8290868419553881,0.010574162172480195,0.01275398623808961,0.0077539862380896106,-0.15136424314361052
Piechart,0.4,0.8843746519034001,0.39366031724145295,0.44512844911847643,0.04512844911847641,2.2134545774980934
Piechart,0.7,0.7140957590663322,0.3990320053725689,0.5587934115367053,0.1412065884632947,3.832450441178945
Piechart,0.1,0.8614020846923838,0.048550330862040525,0.05636198440288009,0.04363801559711992,2.166330319210144
Piechart,0.8,0.6433362522031021,0.5612842881880753,0.872458665691479,0.07245866569147896,2.881834242321521
Piechart,0.3,0.8745705823345349,0.3418085451363797,0.3908301422899146,0.0908301422899146,3.202890062844552
Piechart,0.2,0.8605971850512817,0.1617832762834257,0.18798954852935673,0.01201045147064328,0.4071298948600213
Piechart,0.25,0.6274990048543583,0.2059161253735391,0.3281537082617875,0.07815370826178752,2.989206384773342
Boxplot,0.7,0.6646175792116282,0.5854358266543287,0.8808611823791582,0.18086118237915827,4.1867476073593775
Boxplot,0.99,0.4677363906815075,0.4551243266174725,0.9730359571859294,0.0169640428140706,0.8650511804401118
Boxplot,0.75,0.8829606280542672,0.66727111246353,0.7557201207645684,0.005720120764568404,-0.5207444423898453
Boxplot,0.6,0.6050192771445346,0.3431762751817289,0.5672154394838342,0.03278456051616574,1.7670004805190702
Boxplot,0.7,0.8422565622344129,0.696703739694809,0.8271870721274425,0.1271870721274425,3.682989777525809
Boxplot,0.7,0.6120397448927519,0.4091118653309722,0.6684400298262675,0.031559970173732466,1.71413428235899
Boxplot,0.8,0.8744388736743183,0.6945790723252188,0.7943140375343289,0.005685962465671102,-0.5278320035272517
Boxplot,0.6,0.9306554648854072,0.6030695613630344,0.6480051792714623,0.048005179271462306,2.300275434546423
Boxplot,0.7,0.8703916223949439,0.6655972932678351,0.7647101329357896,0.06471013293578964,2.721594306380159
Boxplot,0.8,0.9590010630511884,0.8452200334779679,0.8813546366557602,0.08135463665576015,3.0462227633944905
Boxplot,0.9,0.6886370967625466,0.6850006360865477,0.994719336653377,0.09471933665337695,3.2625735212023463
Boxplot,0.7,0.8263817524688688,0.6176986995168738,0.7474737888045798,0.047473788804579864,2.284626322838843
Boxplot,0.8,0.9254434853804959,0.7398707303009882,0.7994769448258533,0.0005230551741467471,-2.4956906639923337
Boxplot,0.75,0.7897659951946412,0.6067568604719391,0.7682742282698577,0.018274228269857695,0.965265524385031
Boxplot,0.9,0.9663211113328036,0.8799362335084464,0.910604376939245,0.010604376939244986,0.24541983740587123
Boxplot,0.95,0.7187588611475613,0.6579432847279072,0.9153880672544938,0.03461193274550611,1.842453243008784
Boxplot,0.85,0.8016220210343818,0.652416687142064,0.8138707146545338,0.03612928534546622,1.9022389864611373
Boxplot,0.6,0.8033437230404421,0.4905468273482425,0.6106313067234201,0.010631306723420164,0.2486935145667575
Boxplot,0.95,0.4163133937026586,0.4162232564544568,0.9997834870326893,0.04978348703268931,2.351444222026077
Boxplot,0.85,0.6079535598875059,0.606994974451669,0.998423258783098,0.14842325878309803,3.903744581699974
Barchart,0.66,0.8185706016126306,0.4574781785314923,0.5588744301716116,0.10112556982838838,3.3557995769006763
Barchart,0.4,0.7510199040660761,0.28871944779518643,0.38443647928908203,0.015563520710917988,0.7496218530896525
Barchart,0.85,0.4840785235974563,0.40539187144801025,0.837450644237051,0.012549355762949022,0.46460091488068067
Barchart,0.5,0.6783112905774247,0.2799927088244816,0.4127790775620626,0.08722092243793739,3.1452033653916325
Barchart,0.75,0.5102360255614689,0.33815849533233555,0.6627491560601244,0.08725084393987559,3.1456912127331274
Barchart,0.2,0.426623219769255,0.03296969283578277,0.0772805869629292,0.1227194130370708,3.6319123033777947
Barchart,0.01,0.9373349553989636,0.0003637447519253545,0.0003880627195542191,0.00961193728044578,0.11928143791525225
Barchart,0.125,0.7722600954742178,0.036272294424057994,0.04696901294865488,0.07803098705134512,2.9869749242450894
Barchart,0.66,0.7434684702900625,0.47212152295402365,0.6350256155043489,0.024974384495651147,1.390908912154594
Barchart,0.1,0.8824473438653246,0.06235170891171482,0.07065771045170789,0.029342289548292114,1.6131680832400161
Barchart,0.8,0.5592629110323306,0.4009394540860802,0.7169069254851806,0.0830930745148194,3.076269612397673
Barchart,0.75,0.8131990513405236,0.527541117008079,0.6487232322005912,0.10127676779940875,3.3579287141774885
Barchart,0.5,0.16605001771720507,0.06597387896122142,0.3973132907072591,0.10268670929274087,3.377633383017771
Barchart,0.75,0.8920892704598937,0.5387208118851172,0.603886662158142,0.14611333784185798,3.8813057394515
Barchart,0.8,0.8967507383558975,0.6871985222668606,0.7663205536097691,0.033679446390230905,1.804443777104441
Barchart,0.5,0.7042630670576575,0.33866812288097226,0.4808829806962541,0.019117019303745875,1.0262348585386156
Barchart,0.25,0.7279295012419009,0.11271514608234945,0.15484349224759977,0.09515650775240023,3.2691305363434533
Barchart,0.95,0.9917829455242129,0.9542759266773471,0.9621822304808425,0.012182230480842549,0.4256988905034073
Barchart,0.8,0.9630426773095782,0.8315288382204407,0.8634392408688019,0.06343924086880182,2.6935257827591133
Barchart,0.2,0.5122373124547133,0.18411662924627614,0.3594361925021888,0.15943619250218877,4.006174060836017
Piechart,0.8,0.8981348195545715,0.7214584763284668,0.80328527590799,0.003285275907989993,-1.1407377736857711
Piechart,0.15,0.4350665999455787,0.03065495750048175,0.07046037894960518,0.07953962105039482,3.0141699635103842
Piechart,0.6,0.6633427204990978,0.35491675304248416,0.5350428098094533,0.06495719019054669,2.726987904176749
Piechart,0.7,0.9432780185077204,0.7192121217672498,0.7624603856507267,0.06246038565072676,2.6715285703699827
Piechart,0.5,0.2942847684934866,0.16328701862134598,0.554860584383116,0.05486058438311603,2.4882729383334463
Piechart,0.2,0.6720922283192974,0.11046123142978614,0.16435427576065983,0.035645724239340176,1.8834536353610192
Piechart,0.33,0.3728924882017688,0.16111147675384951,0.432058788662628,0.10205878866262796,3.3688910869475106
Piechart,0.1,0.6802521123357808,0.04234074154619849,0.062242719689341565,0.03775728031065844,1.9637434134071474
Piechart,0.6,0.9699512924887774,0.586755382083197,0.6049328318101972,0.0049328318101972135,-0.693660333975225
Piechart,0.35,0.5869550416529958,0.24529177805234534,0.4179055645583164,0.06790556455831642,2.7898453415810742
Piechart,0.45,0.6312216715521537,0.3064601280004704,0.48550317869615417,0.03550317869615416,1.8778690306527024
Piechart,0.1,0.27694177952856336,0.013206239174703649,0.04768597644307972,0.05231402355692029,2.4212643353372147
Piechart,0.65,0.21502706187513465,0.035056606214126214,0.163033461502085,0.48696653849791505,5.609449262609437
Piechart,0.2,0.9272371932635072,0.14550087116238508,0.15691871747538483,0.04308128252461518,2.148325100945248
Piechart,0.2,0.7958640331124427,0.179461793689917,0.22549303175327934,0.025493031753279327,1.4191630274165379
Piechart,0.8,0.6260199947978402,0.023804872483085937,0.03802573828456264,0.7619742617154374,6.254035127997303
Piechart,0.33,0.5927203487809539,0.219208650001528,0.3698348647087513,0.039834864708751305,2.0386070160200167
Piechart,0.4,0.19022059164721816,0.04621421870358367,0.24295066219377687,0.15704933780622315,3.984583315329758
Piechart,0.6,0.2709109793213389,0.14946821601102545,0.5517244682569137,0.0482755317430863,2.3081724650490436
Piechart,0.85,0.36766125543083295,0.2634842307141554,0.71664943428809,0.13335056571190995,3.7506125683426648
Boxplot,0.66,0.9564476783972462,0.6447290026500168,0.674087059033289,0.014087059033288996,0.6170218645315241
Boxplot,0.65,0.8094997039613934,0.4857635426194396,0.6000787155848134,0.04992128441518662,2.3553344458975793
Boxplot,0.8,0.6491793692868189,0.5189335316552819,0.7993684892133532,0.000631510786646805,-2.4100365345290062
Boxplot,0.45,0.6811900881817836,0.3104650613100124,0.455768612456911,0.005768612456911015,-0.5107422494562903
Boxplot,0.75,0.6042884731491949,0.4403706742966349,0.7287424696381892,0.021257530361810772,1.170407765799945
Boxplot,0.5,0.9764319310189722,0.4979248024358669,0.5099431784417875,0.009943178441787492,0.16261976563378822
Boxplot,0.95,0.5567478828694089,0.5305136497844571,0.9528795099323165,0.0028795099323165596,-1.2759575142517143
Boxplot,0.95,0.5332849414328547,0.5305597944305966,0.9948898857054993,0.044889885705499344,2.206014430281981
Boxplot,0.9,0.6946459846928723,0.6944639995338269,0.9997380174030288,0.09973801740302879,3.3361122169853883
Boxplot,0.75,0.6746047052795245,0.6498356697322547,0.9632836306159372,0.21328363061593725,4.4231319193940095
Boxplot,0.66,0.6274467494739739,0.3974860636750024,0.633497685673308,0.026502314326692034,1.4726080860003996
Boxplot,0.75,0.7436822916314028,0.6503258812339281,0.8744673478876573,0.12446734788765734,3.6521118376021215
Boxplot,0.8,0.8077307606142541,0.6377695404419996,0.7895818403114867,0.01041815968851334,0.22257703597075357
Boxplot,0.5,0.8454710844514224,0.5292906669421179,0.6260304777726895,0.1260304777726895,3.669939251123047
Boxplot,0.75,0.9107908399403152,0.6995901343783684,0.7681128352413086,0.018112835241308578,0.9532902175448105
Boxplot,0.6,0.8794454485963288,0.5411954724016612,0.6153826519489709,0.015382651948970927,0.7340182136404154
Boxplot,0.8,0.8518261958602904,0.7478072145604904,0.8778870832978464,0.07788708329784633,2.984353893851478
Boxplot,0.4,0.9595336044969986,0.4065771196745591,0.423723690102227,0.02372369010222697,1.3204090090454828
Boxplot,0.7,0.8631595995696335,0.5823072283851334,0.6746228955519564,0.02537710444804353,1.4128955518840653
Boxplot,0.85,0.7022270327358813,0.5875945988749522,0.8367587282786305,0.013241271721369463,0.5351842081181635
Barchart,0.6,0.9271228990276295,0.5253936939246306,0.5666926083647226,0.033307391635277406,1.788994328124544
Barchart,0.9,0.9210593091909407,0.8120699818214219,0.8816695881774919,0.018330411822508164,0.969411108559697
Barchart,0.4,0.43875423426023885,0.19360848481908266,0.4412686413055729,0.041268641305572895,2.0880954959040414
Barchart,0.05,0.7236937706972444,0.005356039555360792,0.007400975070160551,0.042599024929839455,2.1325447618370386
Barchart,0.95,0.35631540203695766,0.33192981016008094,0.9315617799919089,0.018438220008091033,0.9773326845466852
Barchart,0.9,0.718600145362496,0.6573826132287206,0.9148100198297423,0.014810019829742282,0.6834736741910425
Barchart,0.75,0.8708172882512519,0.6287857006634932,0.7220638693636882,0.02793613063631184,1.54528295760871
Barchart,0.9,0.5163279940343184,0.4716450424398644,0.9134601414009637,0.013460141400963632,0.5568111145389388
Barchart,0.98,0.40402309622651766,0.3957200601194546,0.9794491052996438,0.0005508947003561859,-2.4732142666221577
Barchart,0.15,0.18941821068942355,0.01734554196895699,0.09157272632776224,0.05842727367223775,2.577181628264303
Barchart,0.99,0.3351242100600784,0.3236123175259267,0.9656488782708716,0.024351121729128344,1.3562070241938873
Barchart,0.1,0.605547257609609,0.06886956239242881,0.11373111103547992,0.013731111035479915,0.5831446215228806
Barchart,0.66,0.863852124196385,0.5353942257311108,0.6197753188708908,0.04022468112910926,2.052230889313238
Barchart,0.2,0.3695933763503969,0.056395832358334785,0.15258886107544342,0.04741113892455659,2.2827700872632057
Barchart,0.95,0.5135712978811333,0.47557258484874576,0.9260108320126909,0.0239891679873091,1.335664352461207
Barchart,0.33,0.7722891010412403,0.237047458775703,0.306941349367877,0.023058650632123034,1.2814698119032684
Barchart,0.4,0.4245921849920298,0.17358809711456646,0.408834884979866,0.008834884979865953,0.012194629818671024
Barchart,0.1,0.9299919146002897,0.09342338980082798,0.1004561312137658,0.00045613121376579524,-2.551199490335672
Barchart,0.45,0.8826102836721204,0.3815622532616443,0.43231113473337945,0.017688865266620557,0.9213498934640904
Barchart,0.85,0.8966082286220927,0.7593582239670116,0.8469231039001205,0.003076896099879489,-1.20859561660232
Piechart,0.9,0.0437986745307396,0.005932013095407696,0.13543818754707704,0.764561812452923,6.258918008452061
Piechart,0.7,0.6521612774409461,0.5216708750667601,0.7999108397140277,0.0999108397140277,3.338579012547173
Piechart,0.35,0.9467695025451788,0.4388618215473674,0.46353607754325127,0.11353607754325129,3.5208757623594065
Piechart,0.85,0.9940077042536976,0.621394631553577,0.625140659266943,0.22485934073305702,4.498948686936592
Piechart,0.95,0.8125076070449051,0.7009860991035594,0.8627440445179952,0.08725595548200471,3.1457745360462104
Piechart,0.25,0.8436779710783492,0.3247060249710801,0.384869625736531,0.134869625736531,3.766803184591248
Piechart,0.85,0.9983580979662632,0.9021426486759216,0.903626314559535,0.05362631455953504,2.4561835947538104
Piechart,0.8,0.4981903802654146,0.3669856207773168,0.7366373083755702,0.06336269162442987,2.691817575835798
Piechart,0.3,0.31641446275952656,0.2039240640265062,0.6444840170959173,0.3444840170959173,5.111590653596655
Piechart,0.2,0.8539411410673853,0.2372151148217644,0.27778860089262936,0.07778860089262934,2.9825574091805565
Piechart,0.05,0.8001767700556127,0.042556404467951836,0.05318375396600696,0.0031837539660069594,-1.1733993792310398
Piechart,0.55,0.5658053468840368,0.3614565957680992,0.6388355955960603,0.08883559559606025,3.1712964420714043
Piechart,0.3,0.7836427068452055,0.2514537835445485,0.3208781008845893,0.0208781008845893,1.1458796390307675
Piechart,0.99,0.9306094892340752,0.9020510872930776,0.9693121526576071,0.02068784734239293,1.1334219678185984
Piechart,0.1,0.7971010542297632,0.1315149487294076,0.16499156290351438,0.06499156290351438,2.7277367121873226
Piechart,0.2,0.38134822402743096,0.1030163783166057,0.27013729663834907,0.07013729663834906,2.8356673696687955
Piechart,0.3,0.9422889337841244,0.3846434446010242,0.4082011693126228,0.1082011693126228,3.452215462403123
Piechart,0.7,0.7714758845475309,0.5624657417829414,0.729077542213554,0.029077542213554075,1.6006285846751407
Piechart,0.7,0.8199600544705569,0.5469199007853273,0.6670079814296198,0.032992018570380144,1.7757677512612193
Piechart,0.35,0.9524967618111906,0.3026494690687811,0.3177433049675543,0.03225669503244566,1.7444493918409665
Boxplot,0.5,0.7849864090373551,0.5032068592310737,0.6410389446718785,0.1410389446718785,3.8307516690030035
Boxplot,0.9,0.9749371192931188,0.9439679814910831,0.9682347331031051,0.06823473310310513,2.796696029693183
Boxplot,0.85,0.7463295708295599,0.7367924264876016,0.9872212696445116,0.13722126964451165,3.7915147683381947
Boxplot,0.85,0.7902395143795401,0.6724133947767772,0.8508982182506091,0.0008982182506090952,-2.2187875219196536
Boxplot,0.95,0.7850217821558619,0.4410755926902032,0.5618641453220593,0.38813585467794065,5.28312857073639
Boxplot,0.45,0.6489266570405536,0.3632980512573745,0.5598445484027493,0.10984454840274932,3.4737161178673865
Boxplot,0.4,0.8475202676459275,0.5733109479555126,0.6764569177182527,0.27645691771825265,4.795491210227459
Boxplot,0.7,0.7878747719799972,0.7720957014918581,0.9799726161449681,0.27997261614496816,4.813640716638357
Boxplot,0.15,0.7664648148818521,0.6461081466285891,0.8429716982222913,0.6929716982222913,6.117324552863604
Boxplot,0.25,0.670215487434311,0.4271832694888069,0.6373819726609583,0.3873819726609583,5.280332690874789
Boxplot,0.3,0.8928347386542616,0.5626217445769603,0.6301521661500092,0.33015216615000925,5.0505111273913945
Boxplot,0.2,0.9841106595960156,0.904173124484718,0.918771802406741,0.7187718024067409,6.169968687203228
Boxplot,0.9,0.8194879675774109,0.6887775431741897,0.8404974452649617,0.05950255473503829,2.6029450774603906
Boxplot,0.7,0.8093127659207509,0.5525971301433401,0.6827979903599485,0.017202009640051474,0.883777951236715
Boxplot,0.5,0.6815444889457274,0.3621158230327345,0.5313164861664231,0.03131648616642313,1.7033880653355171
Boxplot,0.4,0.8521467975832159,0.5193719915510902,0.6094865262934597,0.20948652629345965,4.397368488469876
Boxplot,0.3,0.307443462084668,0.281838242939239,0.916715681732801,0.616715681732801,5.949454816239266
Boxplot,0.15,0.832396626722022,0.7246837407542435,0.8705990840064407,0.7205990840064407,6.1736253412605775
Boxplot,0.8,0.8282403822023007,0.7500976916559609,0.9056521606220678,0.10565216062206773,3.4182191068535466
Boxplot,0.7,0.8844803967689906,0.7623424802223141,0.8619099790194936,0.16190997901949367,4.028215321616374
Barchart,0.15,0.8450590423838918,0.13474615859087524,0.15945176825841598,0.009451768258415982,0.09784919353108451
Barchart,0.99,0.9387785186318789,0.9291078433158083,0.9896986614796384,0.000301338520361627,-2.6884145610873333
Barchart,0.75,0.3571354436756956,0.24638413228611145,0.6898898909340563,0.06011010906594372,2.6173010471947626
Barchart,0.1,0.0694940516224748,0.005580317258999212,0.08029920732373164,0.01970079267626837,1.0670048295326071
Barchart,0.35,0.8163437648095337,0.3144256633198549,0.38516330604082644,0.03516330604082646,1.8644657320534344
Barchart,0.5,0.6514387879919943,0.6430719583605278,0.987156384013828,0.487156384013828,5.610010152962262
Barchart,0.9,0.6190717332275146,0.5481622881324446,0.8854584351228808,0.014541564877119217,0.6591541432434002
Barchart,0.7,0.3162851686803435,0.23055595155963493,0.7289496137982,0.028949613798200047,1.5945301000475662
Barchart,0.85,0.48325649095893164,0.4232484870837778,0.8758257674799583,0.02582576747995835,1.4370022325274912
Barchart,0.35,0.8373239523135657,0.30403004505693987,0.36309727461741714,0.013097274617417165,0.5207767111615142
Barchart,0.55,0.6447604311300654,0.34678124882464145,0.5378451159244392,0.012154884075560868,0.4227587430551547
Barchart,0.25,0.9804098908005481,0.2265499195248597,0.23107673805684648,0.018923261943153524,1.0124443813589095
Barchart,0.25,0.5150258791991729,0.12803786014575635,0.248604711562933,0.0013952884370669882,-1.9185030553312346
Barchart,0.95,0.4603640474483801,0.4408951316647062,0.9577097388651816,0.00770973886518167,-0.15847140985866104
Barchart,0.55,0.7572423040349869,0.39394179913456795,0.5202321595550565,0.029767840444943516,1.6330982451159126
Barchart,0.15,0.6125538554598167,0.0740764561432724,0.12093051979513954,0.029069480204860457,1.600245020253786
Barchart,0.2,0.6054594488360897,0.11516953943954833,0.19021841951751767,0.009781580482482344,0.14163949907925794
Barchart,0.8,0.6565320594153329,0.5163965193376706,0.7865518704410895,0.013448129558910504,0.5556325735802177
Barchart,0.97,0.4909879086810449,0.4787872132072103,0.975150721111219,0.005150721111219059,-0.6436936452474709
Barchart,0.3,0.5351218041820562,0.13515043877213173,0.2525601418516514,0.04743985814834861,2.2836212975063606
